Date (dd/mm/yy),Generated (kWh),Efficiency (kWh/kW),Exported (kWh),Peak Power (kW),Peak Time (hh:mm:am/pm),Weather Conditions (category)
22/10/19,1248.752,4.319,,186.25599999999997,12:15PM,Partly Cloudy
21/10/19,1253.434,4.335,,186.304,12:30PM,Partly Cloudy
20/10/19,1278.406,4.421,,191.326,12:30PM,Partly Cloudy
19/10/19,1296.4360000000001,4.484,,193.17,12:45PM,Partly Cloudy
18/10/19,1276.786,4.416,,192.71200000000002,12:30PM,Partly Cloudy
17/10/19,1305.585,4.515,,199.523,12:30PM,Partly Cloudy
16/10/19,1283.127,4.438,,190.612,12:45PM,Partly Cloudy
15/10/19,1319.016,4.562,,195.005,12:45PM,Partly Cloudy
14/10/19,1349.6660000000002,4.668,,199.62,12:30PM,Partly Cloudy
13/10/19,1321.3670000000002,4.57,,199.79,12:15PM,Partly Cloudy
12/10/19,1386.632,4.796,,201.02200000000002,12:30PM,Partly Cloudy
11/10/19,1387.171,4.798,,198.995,12:30PM,Partly Cloudy
10/10/19,1375.346,4.757,,201.18099999999998,12:30PM,Partly Cloudy
09/10/19,1389.031,4.803999999999999,,205.232,1:00PM,Partly Cloudy
08/10/19,1429.9229999999998,4.945,,204.187,12:45PM,Partly Cloudy
07/10/19,1436.2279999999998,4.967,,202.357,12:15PM,Partly Cloudy
06/10/19,1458.818,5.045,,202.828,12:00PM,Fine
05/10/19,1488.026,5.146,,207.041,12:00PM,Fine
04/10/19,1516.04,5.242999999999999,,210.715,12:45PM,Fine
03/10/19,1505.774,5.207999999999999,,210.287,1:00PM,Fine
02/10/19,1521.1889999999999,5.261,,213.49099999999999,12:45PM,Fine
01/10/19,1533.771,5.305,,215.34400000000002,12:15PM,Fine
30/09/19,1574.345,5.445,,215.32299999999998,12:30PM,Fine
29/09/19,1450.191,5.016,,224.935,12:45PM,Fine
28/09/19,885.671,3.063,,200.856,1:45PM,Mostly Cloudy
27/09/19,582.513,2.015,,140.525,1:45PM,Cloudy
26/09/19,427.98199999999997,1.48,,116.449,3:15PM,Cloudy
25/09/19,1382.931,4.783,,208.53400000000002,1:00PM,Partly Cloudy
24/09/19,1497.6170000000002,5.18,,205.15900000000002,12:15PM,Fine
23/09/19,1546.63,5.349,,212.805,12:45PM,Fine
22/09/19,1389.4620000000002,4.805,,204.732,1:45PM,Partly Cloudy
21/09/19,1569.109,5.4270000000000005,,213.26,12:45PM,Fine
20/09/19,1427.7579999999998,4.938,,213.368,12:45PM,Partly Cloudy
19/09/19,1300.438,4.498,,152.688,9:45AM,Partly Cloudy
18/09/19,1051.373,3.636,,181.262,1:45PM,Mostly Cloudy
17/09/19,1420.652,4.913,,173.415,10:30AM,Partly Cloudy
16/09/19,868.9169999999999,3.005,,179.10299999999998,1:00PM,Mostly Cloudy
15/09/19,1284.182,4.441,,161.076,10:15AM,Partly Cloudy
14/09/19,1356.5220000000002,4.692,,162.083,10:00AM,Partly Cloudy
13/09/19,1555.9029999999998,5.381,,205.019,12:30PM,Fine
12/09/19,1585.259,5.483,,212.38,12:45PM,Fine
11/09/19,1417.385,4.902,,214.924,12:15PM,Partly Cloudy
10/09/19,1327.648,4.592,,216.287,1:00PM,Partly Cloudy
09/09/19,1313.567,4.543,,175.408,10:15AM,Partly Cloudy
08/09/19,1422.631,4.92,,167.78400000000002,10:00AM,Partly Cloudy
07/09/19,1405.545,4.861000000000001,,162.6,10:00AM,Partly Cloudy
06/09/19,1369.5729999999999,4.737,,160.96,10:15AM,Partly Cloudy
05/09/19,1320.203,4.566,,161.083,10:15AM,Partly Cloudy
04/09/19,948.403,3.28,,160.648,1:00PM,Mostly Cloudy
03/09/19,1274.502,4.408,,187.024,12:30PM,Partly Cloudy
02/09/19,1287.0919999999999,4.4510000000000005,,201.41400000000002,12:15PM,Partly Cloudy
01/09/19,1355.8429999999998,4.689,,189.938,12:45PM,Partly Cloudy
31/08/19,1428.8670000000002,4.942,,193.953,1:15PM,Partly Cloudy
30/08/19,1441.8339999999998,4.987,,194.356,1:00PM,Partly Cloudy
29/08/19,1446.9189999999999,5.004,,193.921,12:45PM,Fine
28/08/19,1354.375,4.684,,195.52599999999998,12:30PM,Partly Cloudy
22/08/19,1502.6979999999999,5.197,,207.86900000000003,1:00PM,Fine
21/08/19,1579.941,5.4639999999999995,,204.007,1:00PM,Fine
20/08/19,1555.12,5.377999999999999,,207.078,1:00PM,Fine
19/08/19,1531.682,5.297000000000001,,205.75799999999998,12:30PM,Fine
18/08/19,1567.769,5.422000000000001,,208.437,1:00PM,Fine
17/08/19,1620.943,5.606,,209.72099999999998,1:00PM,Fine
16/08/19,1620.376,5.604,,207.61,1:00PM,Fine
15/08/19,1602.058,5.541,,204.06099999999998,12:45PM,Fine
14/08/19,1623.338,5.614,,208.51,1:00PM,Fine
13/08/19,1623.714,5.6160000000000005,,205.61900000000003,12:45PM,Fine
12/08/19,1587.3029999999999,5.49,,209.102,1:00PM,Fine
11/08/19,1612.79,5.577999999999999,,211.49400000000003,1:00PM,Fine
10/08/19,1652.6429999999998,5.716,,210.185,12:45PM,Fine
09/08/19,1634.639,5.653,,209.37,1:00PM,Fine
08/08/19,1633.735,5.65,,209.804,1:00PM,Fine
07/08/19,1578.375,5.459,,205.84099999999998,1:00PM,Fine
06/08/19,1578.629,5.46,,207.18200000000002,12:45PM,Fine
05/08/19,1660.832,5.744,,211.706,1:00PM,Fine
04/08/19,1655.0739999999998,5.724,,209.047,1:00PM,Fine
03/08/19,1593.165,5.51,,214.051,12:45PM,Fine
02/08/19,1602.484,5.542000000000001,,209.666,1:15PM,Fine
01/08/19,1676.915,5.8,,212.58900000000003,12:45PM,Fine
31/07/19,1627.229,5.627999999999999,,210.801,12:45PM,Fine
30/07/19,1664.558,5.757000000000001,,215.553,2:00PM,Fine
29/07/19,1682.97,5.821000000000001,,210.692,12:30PM,Fine
28/07/19,1606.745,5.557,,219.417,1:15PM,Fine
27/07/19,1662.067,5.747999999999999,,207.795,12:45PM,Fine
26/07/19,1643.58,5.684,,206.705,1:00PM,Fine
25/07/19,1442.045,4.987,,216.87900000000002,12:45PM,Partly Cloudy
24/07/19,1433.021,4.956,,217.35,1:15PM,Partly Cloudy
23/07/19,1287.5910000000001,4.453,,210.56900000000002,12:30PM,Partly Cloudy
22/07/19,1263.42,4.37,,208.642,12:00PM,Partly Cloudy
21/07/19,1720.5320000000002,5.9510000000000005,,218.486,1:00PM,Fine
20/07/19,1734.5710000000001,5.999,,2271,1:00PM,Fine
19/07/19,1702.745,5.888999999999999,,217.93200000000002,12:15PM,Fine
18/07/19,1742.766,6.027,,221.62099999999998,12:45PM,Fine
17/07/19,1786.185,6.178,,220.637,12:30PM,Fine
16/07/19,1801.2060000000001,6.23,,221.6,1:15PM,Fine
15/07/19,1760.3129999999999,6.087999999999999,,210.261,12:30PM,Fine
14/07/19,1783.6070000000002,6.169,,215.21400000000003,1:00PM,Fine
13/07/19,1756.5839999999998,6.075,,215.05700000000002,12:30PM,Fine
12/07/19,1762.2879999999998,6.095,,215.21900000000002,1:00PM,Fine
11/07/19,1799.7160000000001,6.224,,219.7,12:45PM,Fine
10/07/19,1744.4920000000002,6.0329999999999995,,217.512,1:00PM,Fine
09/07/19,1820.975,6.297999999999999,,223.639,1:00PM,Fine
08/07/19,1717.3970000000002,5.94,,223.834,1:15PM,Fine
07/07/19,1552.819,5.37,,231.602,1:00PM,Fine
06/07/19,1675.289,5.794,,225.201,12:30PM,Fine
05/07/19,1779.98,6.156000000000001,,224.237,12:45PM,Fine
04/07/19,1780.134,6.157,,226.46,1:15PM,Fine
03/07/19,1777.983,6.149,,230.55700000000002,12:45PM,Fine
02/07/19,1849.594,6.397,,222.921,1:00PM,Fine
01/07/19,1836.1429999999998,6.35,,219.65900000000002,12:30PM,Fine
30/06/19,1775.4579999999999,6.14,,218.00799999999998,1:00PM,Fine
29/06/19,1053.751,3.6439999999999997,,196.59400000000002,11:45AM,Mostly Cloudy
28/06/19,1807.961,6.252999999999999,,227.343,1:00PM,Fine
27/06/19,1722.02,5.956,,227.377,12:30PM,Fine
26/06/19,1713.056,5.925,,226.882,12:30PM,Fine
25/06/19,1303.346,4.508,,236.47799999999998,12:30PM,Partly Cloudy
24/06/19,1771.3570000000002,6.126,,228.013,12:45PM,Fine
23/06/19,1564.741,5.412000000000001,,230.142,12:45PM,Fine
22/06/19,1411.7839999999999,4.883,,233.93,1:00PM,Partly Cloudy
21/06/19,1437.045,4.97,,244.04,1:45PM,Partly Cloudy
20/06/19,1412.805,4.886,,223.361,12:15PM,Partly Cloudy
19/06/19,1698.69,5.875,,222.01,12:45PM,Fine
18/06/19,1582.276,5.472,,224.17,12:30PM,Fine
17/06/19,820.4110000000001,2.8369999999999997,,196.229,11:45AM,Mostly Cloudy
16/06/19,1380.354,4.774,,247.778,12:30PM,Partly Cloudy
15/06/19,1704.2920000000001,5.894,,220.505,1:30PM,Fine
14/06/19,1751.0,6.0520000000000005,,226.40599999999998,12:30PM,Fine
13/06/19,1590.931,5.502000000000001,,227.785,1:15PM,Fine
12/06/19,1820.8670000000002,6.297999999999999,,219.583,12:45PM,Fine
11/06/19,1712.641,5.922999999999999,,221.75,1:30PM,Fine
10/06/19,1693.4170000000001,5.857,,215.622,12:15PM,Fine
09/06/19,1831.024,6.332999999999999,,218.674,1:00PM,Fine
08/06/19,1875.491,6.486000000000001,,228.305,1:00PM,Fine
07/06/19,1647.267,5.697,,228.65900000000002,12:30PM,Fine
06/06/19,1752.505,6.061,,227.942,12:15PM,Fine
05/06/19,1423.336,4.923,,228.045,12:00PM,Partly Cloudy
04/06/19,1423.336,4.923,,228.045,12:00PM,Partly Cloudy
03/06/19,1162.147,4.019,,237.524,2:00PM,Partly Cloudy
02/06/19,1554.953,5.377999999999999,,252.03799999999998,2:00PM,Fine
01/06/19,1397.951,4.835,,250.618,12:45PM,Partly Cloudy
31/05/19,1468.422,5.079,,226.67700000000002,12:45PM,Fine
30/05/19,1771.533,6.127000000000001,,222.40900000000002,1:00PM,Fine
29/05/19,1867.376,6.457999999999999,,228.40400000000002,1:15PM,Fine
28/05/19,1874.681,6.484,,229.213,1:00PM,Fine
27/05/19,1740.88,6.021,,257.622,12:30PM,Fine
26/05/19,432.166,1.495,,83.522,3:00PM,Cloudy
25/05/19,1517.398,5.247999999999999,,200.139,9:45AM,Fine
24/05/19,1899.9379999999999,6.571000000000001,,231.68,12:45PM,Fine
23/05/19,825.943,2.8569999999999998,,204.577,12:00PM,Mostly Cloudy
22/05/19,1322.269,4.573,,256.726,12:00PM,Partly Cloudy
21/05/19,1067.499,3.6919999999999997,,214.89700000000002,1:00PM,Mostly Cloudy
20/05/19,1370.276,4.739,,227.13,12:30PM,Partly Cloudy
19/05/19,843.523,2.917,,193.889,3:45PM,Mostly Cloudy
18/05/19,1702.914,5.89,,228.81799999999998,1:00PM,Fine
17/05/19,1606.536,5.556,,255.312,2:00PM,Fine
16/05/19,1030.886,3.565,,240.18,2:15PM,Mostly Cloudy
15/05/19,1191.004,4.119,,207.37,2:15PM,Partly Cloudy
14/05/19,1710.6879999999999,5.916,,226.926,12:45PM,Fine
13/05/19,1368.1129999999998,4.732,,222.34799999999998,12:45PM,Partly Cloudy
12/05/19,1721.9660000000001,5.955,,223.45,12:45PM,Fine
11/05/19,989.681,3.423,,234.797,2:00PM,Mostly Cloudy
10/05/19,644.113,2.228,,153.963,10:15AM,Cloudy
09/05/19,371.501,1.285,,112.00200000000001,12:00PM,Cloudy
08/05/19,523.003,1.8090000000000002,,83.13,2:00PM,Cloudy
07/05/19,683.403,2.364,,169.502,3:15PM,Cloudy
06/05/19,1087.934,3.763,,237.826,11:15AM,Mostly Cloudy
05/05/19,1707.632,5.906000000000001,,241.22099999999998,12:15PM,Fine
04/05/19,1748.904,6.0489999999999995,,226.56799999999998,12:30PM,Fine
03/05/19,1512.662,5.232,,226.773,12:45PM,Fine
02/05/19,1567.8329999999999,5.422000000000001,,235.63,12:30PM,Fine
01/05/19,1626.88,5.627000000000001,,228.33700000000002,12:45PM,Fine
30/04/19,553.9780000000001,1.916,,154.22299999999998,11:15AM,Cloudy
29/04/19,505.842,1.749,,106.584,1:30PM,Cloudy
28/04/19,1235.969,4.275,,241.343,12:30PM,Partly Cloudy
27/04/19,1428.85,4.942,,224.515,1:15PM,Partly Cloudy
26/04/19,1640.734,5.675,,225.421,1:00PM,Fine
25/04/19,1716.874,5.938,,220.13299999999998,1:15PM,Fine
24/04/19,1714.9660000000001,5.931,,222.96400000000003,1:00PM,Fine
23/04/19,1699.1989999999998,5.877000000000001,,226.80599999999998,12:30PM,Fine
22/04/19,1697.789,5.872000000000001,,229.87,12:45PM,Fine
21/04/19,1710.3239999999998,5.915,,252.63400000000001,1:00PM,Fine
20/04/19,1680.58,5.812,,238.96900000000002,1:00PM,Fine
19/04/19,1742.8970000000002,6.028,,237.52599999999998,12:00PM,Fine
18/04/19,1739.594,6.016,,224.953,12:15PM,Fine
17/04/19,1782.362,6.164,,226.386,12:30PM,Fine
16/04/19,709.0189999999999,2.452,,216.326,1:15PM,Cloudy
15/04/19,1733.245,5.994,,226.549,12:45PM,Fine
14/04/19,1661.825,5.747000000000001,,224.825,1:00PM,Fine
13/04/19,1753.864,6.066,,225.68099999999998,1:00PM,Fine
12/04/19,1545.901,5.347,,235.207,1:45PM,Fine
11/04/19,1579.1879999999999,5.462000000000001,,225.18200000000002,1:15PM,Fine
10/04/19,1799.339,6.223,,234.372,1:00PM,Fine
09/04/19,1647.305,5.697,,235.47,12:30PM,Fine
08/04/19,1588.3139999999999,5.492999999999999,,225.195,12:45PM,Fine
07/04/19,1680.879,5.813,,228.69299999999998,12:15PM,Fine
06/04/19,1639.741,5.671,,238.149,1:00PM,Fine
05/04/19,732.5010000000001,2.533,,141.971,10:15AM,Mostly Cloudy
04/04/19,1122.8319999999999,3.883,,261.01,12:00PM,Mostly Cloudy
03/04/19,1035.677,3.582,,204.81900000000002,3:00PM,Mostly Cloudy
02/04/19,1703.575,5.892,,243.65,1:00PM,Fine
01/04/19,1553.149,5.372000000000001,,218.868,12:45PM,Fine
31/03/19,1622.6329999999998,5.612,,214.88400000000001,12:30PM,Fine
30/03/19,1691.0729999999999,5.849,,224.325,1:15PM,Fine
29/03/19,1619.634,5.602,,225.993,1:15PM,Fine
28/03/19,1590.34,5.5,,241.09400000000002,1:00PM,Fine
27/03/19,1308.83,4.527,,198.891,1:45PM,Partly Cloudy
26/03/19,1308.9460000000001,4.527,,226.387,1:45PM,Partly Cloudy
25/03/19,1661.809,5.747000000000001,,225.125,1:00PM,Fine
24/03/19,1635.6229999999998,5.657,,226.53,12:45PM,Fine
23/03/19,1576.411,5.452000000000001,,230.264,1:30PM,Fine
22/03/19,1631.549,5.643,,233.692,1:00PM,Fine
21/03/19,877.4939999999999,3.035,,232.79,1:30PM,Mostly Cloudy
20/03/19,825.929,2.8569999999999998,,211.42,12:00PM,Mostly Cloudy
19/03/19,1530.1970000000001,5.292000000000001,,222.468,1:00PM,Fine
18/03/19,1584.985,5.482,,216.27,12:30PM,Fine
17/03/19,1570.7160000000001,5.432,,213.69799999999998,1:00PM,Fine
16/03/19,1599.9589999999998,5.534,,215.51,1:15PM,Fine
15/03/19,1438.1870000000001,4.974,,226.658,12:15PM,Partly Cloudy
14/03/19,1621.135,5.607,,221.10299999999998,12:45PM,Fine
13/03/19,1363.366,4.715,,236.825,12:30PM,Partly Cloudy
12/03/19,1306.778,4.52,,230.676,2:30PM,Partly Cloudy
11/03/19,448.651,1.5519999999999998,,131.825,1:30PM,Cloudy
10/03/19,1092.171,3.7769999999999997,,237.69400000000002,1:00PM,Mostly Cloudy
09/03/19,1085.364,3.7539999999999996,,200.72400000000002,2:00PM,Mostly Cloudy
08/03/19,1225.549,4.239,,249.28599999999997,12:00PM,Partly Cloudy
07/03/19,1022.461,3.536,,204.209,1:30PM,Mostly Cloudy
06/03/19,443.841,1.535,,132.257,10:00AM,Cloudy
05/03/19,1176.856,4.07,,220.49200000000002,12:00PM,Partly Cloudy
04/03/19,840.842,2.908,,159.87,11:15AM,Mostly Cloudy
03/03/19,752.3739999999999,2.602,,167.313,2:30PM,Mostly Cloudy
02/03/19,327.308,1.1320000000000001,,69.596,1:30PM,Cloudy
01/03/19,1265.737,4.378,,218.764,11:30AM,Partly Cloudy
28/02/19,1149.603,3.9760000000000004,,205.30900000000003,1:00PM,Mostly Cloudy
27/02/19,1384.8239999999998,4.789,,207.729,12:00PM,Partly Cloudy
26/02/19,960.6289999999999,3.322,,193.81900000000002,12:30PM,Mostly Cloudy
25/02/19,1333.7020000000002,4.613,,206.321,12:00PM,Partly Cloudy
24/02/19,1390.483,4.809,,209.391,12:00PM,Partly Cloudy
23/02/19,1471.618,5.09,,214.132,12:00PM,Fine
22/02/19,1478.733,5.114,,217.08900000000003,12:15PM,Fine
21/02/19,627.018,2.169,,206.245,12:15PM,Cloudy
20/02/19,696.1,2.387,,169.956,9:45AM,Cloudy
19/02/19,1450.276,5.016,,216.351,12:00PM,Fine
18/02/19,1254.71,4.3389999999999995,,244.45,12:15PM,Partly Cloudy
17/02/19,992.076,3.431,,227.792,12:30PM,Mostly Cloudy
16/02/19,1233.8110000000001,4.2669999999999995,,232.797,12:30PM,Partly Cloudy
15/02/19,965.6239999999999,3.34,,209.247,11:15AM,Mostly Cloudy
14/02/19,84.25399999999999,0.29100000000000004,,29.949,12:00PM,Showers
13/02/19,422.42699999999996,1.4609999999999999,,115.62700000000001,10:45AM,Cloudy
12/02/19,527.506,1.824,,186.541,12:00PM,Cloudy
02/02/19,251.68599999999998,0.87,,69.971,12:00PM,Showers
01/02/19,809.346,2.799,,201.042,11:30AM,Mostly Cloudy
31/01/19,621.119,2.148,,178.567,11:15AM,Cloudy
30/01/19,920.9680000000001,3.185,,181.982,1:15PM,Mostly Cloudy
29/01/19,1009.93,3.4930000000000003,,200.423,12:30PM,Mostly Cloudy
28/01/19,972.023,3.362,,228.793,12:15PM,Mostly Cloudy
27/01/19,1132.326,3.9160000000000004,,183.87099999999998,12:15PM,Mostly Cloudy
26/01/19,1108.882,3.835,,189.149,12:00PM,Mostly Cloudy
25/01/19,1150.269,3.978,,187.459,12:00PM,Mostly Cloudy
24/01/19,1000.8910000000001,3.4619999999999997,,183.278,11:30AM,Mostly Cloudy
23/01/19,1142.11,3.95,,185.013,12:00PM,Mostly Cloudy
22/01/19,1105.24,3.823,,188.803,12:00PM,Mostly Cloudy
21/01/19,1099.935,3.804,,195.57,12:00PM,Mostly Cloudy
20/01/19,824.1210000000001,2.85,,162.89,12:15PM,Mostly Cloudy
19/01/19,1082.9569999999999,3.745,,178.815,12:00PM,Mostly Cloudy
18/01/19,813.701,2.8139999999999996,,158.195,11:15AM,Mostly Cloudy
17/01/19,211.606,0.732,,52.025,9:45AM,Showers
16/01/19,732.595,2.5340000000000003,,187.67700000000002,11:30AM,Mostly Cloudy
15/01/19,431.14,1.4909999999999999,,146.009,12:45PM,Cloudy
14/01/19,104.79799999999999,0.36200000000000004,,66.202,11:15AM,Showers
13/01/19,742.762,2.569,,172.422,12:00PM,Mostly Cloudy
12/01/19,591.969,2.0469999999999997,,127.044,12:45PM,Cloudy
11/01/19,738.9680000000001,2.556,,175.52,12:30PM,Mostly Cloudy
10/01/19,1005.877,3.4789999999999996,,172.72299999999998,11:45AM,Mostly Cloudy
09/01/19,1026.694,3.551,,176.896,12:00PM,Mostly Cloudy
08/01/19,931.64,3.222,,167.135,11:45AM,Mostly Cloudy
07/01/19,1006.425,3.4810000000000003,,172.108,12:00PM,Mostly Cloudy
06/01/19,794.03,2.7460000000000004,,176.612,12:45PM,Mostly Cloudy
05/01/19,250.375,0.866,,59.663999999999994,11:00AM,Showers
04/01/19,1045.496,3.616,,177.99599999999998,11:45AM,Mostly Cloudy
03/01/19,1052.395,3.64,,179.89,11:45AM,Mostly Cloudy
02/01/19,1050.56,3.633,,181.452,11:45AM,Mostly Cloudy
01/01/19,1076.752,3.7239999999999998,,190.93200000000002,12:00PM,Mostly Cloudy
31/12/18,293.317,1.014,,127.76799999999999,12:00PM,Cloudy
30/12/18,997.453,3.45,,173.375,12:00PM,Mostly Cloudy
29/12/18,1027.174,3.553,,178.481,12:00PM,Mostly Cloudy
28/12/18,1028.7839999999999,3.5580000000000003,,176.817,11:45AM,Mostly Cloudy
27/12/18,721.173,2.494,,187.77900000000002,12:15PM,Cloudy
26/12/18,983.623,3.4019999999999997,,170.743,12:00PM,Mostly Cloudy
25/12/18,266.199,0.9209999999999999,,76.05199999999999,3:00PM,Showers
24/12/18,936.922,3.24,,166.168,11:45AM,Mostly Cloudy
23/12/18,739.918,2.559,,165.62,12:30PM,Mostly Cloudy
22/12/18,891.316,3.083,,165.308,11:30AM,Mostly Cloudy
21/12/18,370.18300000000005,1.28,,75.538,11:15AM,Cloudy
20/12/18,924.757,3.198,,174.047,11:45AM,Mostly Cloudy
19/12/18,968.9,3.3510000000000004,,168.83,11:45AM,Mostly Cloudy
18/12/18,935.998,3.237,,164.588,11:45AM,Mostly Cloudy
17/12/18,883.952,3.057,,184.362,11:00AM,Mostly Cloudy
16/12/18,967.962,3.3480000000000003,,168.794,11:45AM,Mostly Cloudy
15/12/18,936.455,3.239,,167.192,11:45AM,Mostly Cloudy
14/12/18,404.47900000000004,1.399,,90.463,12:45PM,Cloudy
13/12/18,983.128,3.4,,169.982,11:45AM,Mostly Cloudy
12/12/18,885.8510000000001,3.0639999999999996,,169.66,12:00PM,Mostly Cloudy
11/12/18,856.875,2.964,,167.12400000000002,11:45AM,Mostly Cloudy
10/12/18,433.20300000000003,1.4980000000000002,,101.92,11:45AM,Cloudy
09/12/18,865.421,2.9930000000000003,,171.604,11:45AM,Mostly Cloudy
08/12/18,1000.2189999999999,3.4589999999999996,,170.88099999999997,11:30AM,Mostly Cloudy
07/12/18,1001.895,3.465,,172.735,11:45AM,Mostly Cloudy
06/12/18,432.473,1.496,,134.50799999999998,11:15AM,Cloudy
05/12/18,399.985,1.383,,169.37400000000002,9:15AM,Cloudy
04/12/18,808.0189999999999,2.795,,161.155,12:00PM,Mostly Cloudy
03/12/18,1031.4080000000001,3.5669999999999997,,176.25799999999998,11:45AM,Mostly Cloudy
02/12/18,1048.123,3.625,,182.892,11:45AM,Mostly Cloudy
01/12/18,610.644,2.112,,186.405,11:30AM,Cloudy
30/11/18,457.314,1.5819999999999999,,177.317,11:30AM,Cloudy
29/11/18,215.967,0.747,,67.896,3:00PM,Showers
28/11/18,891.852,3.0839999999999996,,178.31400000000002,11:30AM,Mostly Cloudy
27/11/18,1004.7189999999999,3.475,,172.761,11:45AM,Mostly Cloudy
26/11/18,1029.529,3.5610000000000004,,173.231,11:45AM,Mostly Cloudy
25/11/18,1004.547,3.4739999999999998,,169.748,11:45AM,Mostly Cloudy
24/11/18,736.962,2.549,,190.38,11:00AM,Mostly Cloudy
23/11/18,982.673,3.3989999999999996,,188.291,12:00PM,Mostly Cloudy
22/11/18,653.076,2.259,,168.03799999999998,11:00AM,Cloudy
21/11/18,915.5139999999999,3.1660000000000004,,164.06099999999998,12:00PM,Mostly Cloudy
20/11/18,960.528,3.322,,160.58,11:30AM,Mostly Cloudy
19/11/18,690.285,2.387,,177.578,12:00PM,Mostly Cloudy
18/11/18,1008.189,3.487,,171.889,11:45AM,Mostly Cloudy
17/11/18,1000.8889999999999,3.4619999999999997,,187.83599999999998,11:30AM,Mostly Cloudy
16/11/18,1041.096,3.6010000000000004,,177.415,10:30AM,Mostly Cloudy
15/11/18,1007.023,3.483,,181.705,11:00AM,Mostly Cloudy
14/11/18,1026.3210000000001,3.55,,176.65400000000002,11:30AM,Mostly Cloudy
13/11/18,1084.256,3.75,,196.574,11:45AM,Mostly Cloudy
12/11/18,1137.788,3.935,,182.0,11:15AM,Mostly Cloudy
11/11/18,998.0210000000001,3.452,,168.0,11:45AM,Mostly Cloudy
10/11/18,1140.9389999999999,3.946,,183.0,11:30AM,Mostly Cloudy
09/11/18,1142.5,3.943,,18,11:15AM,Mostly Cloudy
08/11/18,1018.334,3.522,,176.0,11:30AM,Mostly Cloudy
07/11/18,1054.22,3.6460000000000004,,179.389,11:30AM,Mostly Cloudy
06/11/18,1095.4389999999999,3.7889999999999997,,179.0,11:30AM,Mostly Cloudy
05/11/18,1161.4160000000002,4.0169999999999995,,183.87900000000002,11:45AM,Partly Cloudy
04/11/18,885.93,3.0639999999999996,,145.45600000000002,10:00AM,Mostly Cloudy
03/11/18,1167.347,4.037,,181.87400000000002,12:45PM,Partly Cloudy
02/11/18,1187.372,4.107,,184.34799999999998,12:30PM,Partly Cloudy
01/11/18,1134.088,3.9219999999999997,,184.678,1:15PM,Mostly Cloudy
31/10/18,1214.193,4.199,,187.861,12:30PM,Partly Cloudy
30/10/18,1199.975,4.15,,189.50599999999997,12:30PM,Partly Cloudy
29/10/18,1048.805,3.627,,203.424,1:00PM,Mostly Cloudy
28/10/18,916.4019999999999,3.1689999999999996,,197.989,1:00PM,Mostly Cloudy
27/10/18,1245.8419999999999,4.309,,188.99599999999998,12:45PM,Partly Cloudy
23/10/18,1179.328,4.079,,193.18200000000002,12:30PM,Partly Cloudy
22/10/18,1086.3110000000001,3.7569999999999997,,196.87599999999998,12:45PM,Mostly Cloudy
21/10/18,1324.703,4.582,,195.185,12:30PM,Partly Cloudy
20/10/18,1322.8139999999999,4.575,,192.66,12:45PM,Partly Cloudy
19/10/18,1353.35,4.681,,194.81400000000002,12:30PM,Partly Cloudy
18/10/18,1353.35,4.681,,194.81400000000002,12:30PM,Partly Cloudy
17/10/18,1370.652,4.74,,196.162,12:00PM,Partly Cloudy
16/10/18,1429.7279999999998,4.945,,203.87,12:00PM,Partly Cloudy
15/10/18,1384.75,4.789,,214.903,12:30PM,Partly Cloudy
14/10/18,950.1439999999999,3.286,,198.775,1:15PM,Mostly Cloudy
12/10/18,870.904,3.012,,1824,12:15PM,Mostly Cloudy
11/10/18,1058.985,3.6630000000000003,,199.84599999999998,1:45PM,Mostly Cloudy
10/10/18,1382.743,4.782,,209.187,1:00PM,Partly Cloudy
09/10/18,1302.231,4.504,,204.449,12:30PM,Partly Cloudy
08/10/18,943.7610000000001,3.264,,206.704,12:45PM,Mostly Cloudy
02/10/18,677.045,2.342,,187.99,11:15AM,Cloudy
26/09/18,705.6310000000001,2.44,,168.87400000000002,12:15PM,Cloudy
25/09/18,417.597,1.444,,169.476,1:00PM,Cloudy
24/09/18,675.567,2.336,,175.74599999999998,1:30PM,Cloudy
23/09/18,1002.591,3.467,,169.80900000000003,12:45PM,Mostly Cloudy
22/09/18,1168.313,4.041,,168.893,12:45PM,Partly Cloudy
21/09/18,1215.749,4.205,,172.80700000000002,12:30PM,Partly Cloudy
20/09/18,918.278,3.176,,171.82299999999998,12:30PM,Mostly Cloudy
19/09/18,358.20599999999996,1.239,,147.127,2:45PM,Cloudy
18/09/18,1105.3310000000001,3.823,,179.87,12:45PM,Mostly Cloudy
17/09/18,393.756,1.3619999999999999,,179.636,12:45PM,Cloudy
16/09/18,501.352,1.734,,176.484,12:30PM,Cloudy
15/09/18,393.726,1.3619999999999999,,179.636,12:45PM,Cloudy
14/09/18,399.815,1.383,,153.577,2:30PM,Cloudy
13/09/18,1183.39999999999,4.081,,181.30900000000003,12:30PM,Partly Cloudy
12/09/18,624.741,2.161,,177.613,12:30PM,Cloudy
11/09/18,1139.529,3.9410000000000003,,182.72799999999998,1:00PM,Mostly Cloudy
10/09/18,893.595,3.091,,182.979,12:45PM,Mostly Cloudy
09/09/18,1322.694,4.575,,184.36599999999999,12:45PM,Partly Cloudy
08/09/18,1148.78,3.9730000000000003,,179.32,1:00PM,Mostly Cloudy
07/09/18,1293.8339999999998,4.475,,180.862,1:00PM,Partly Cloudy
06/09/18,1217.512,4.211,,184.551,12:45PM,Partly Cloudy
05/09/18,1307.039,4.52,,186.675,12:30PM,Partly Cloudy
04/09/18,658.38,2.2769999999999997,,169.95,2:00PM,Cloudy
03/09/18,1153.999,3.991,,183.57299999999998,1:00PM,Mostly Cloudy
02/09/18,1185.004,4.098,,186.175,1:00PM,Partly Cloudy
01/09/18,1027.038,3.552,,193.005,12:45PM,Mostly Cloudy
24/07/18,875.585,3.028,,111.73700000000001,9:00AM,Mostly Cloudy
23/07/18,909.712,3.1460000000000004,,113.008,9:00AM,Mostly Cloudy
22/07/18,945.003,3.2680000000000002,,114.204,9:00AM,Mostly Cloudy
21/07/18,996.79,3.447,,114.33,9:00AM,Mostly Cloudy
20/07/18,985.425,3.408,,112.69,9:00AM,Mostly Cloudy
19/07/18,959.86,3.32,,112.581,9:00AM,Mostly Cloudy
18/07/18,932.9110000000001,3.227,,123.78399999999999,9:15AM,Mostly Cloudy
17/07/18,923.6439999999999,3.194,,133.137,9:00AM,Mostly Cloudy
16/07/18,773.482,2.675,,93.81299999999999,4:45PM,Mostly Cloudy
15/07/18,533.377,1.845,,68.34899999999999,8:15AM,Cloudy
14/07/18,535.385,1.8519999999999999,,77.15899999999999,8:15AM,Cloudy
13/07/18,546.503,1.89,,76.497,8:15AM,Cloudy
12/07/18,537.232,1.858,,77.578,8:15AM,Cloudy
11/07/18,549.285,1.9,,77.494,8:15AM,Cloudy
10/07/18,473.28,1.6369999999999998,,60.536,11:30AM,Cloudy
09/07/18,485.454,1.679,,58.214,9:45AM,Cloudy
08/07/18,537.295,1.858,,74.59,8:15AM,Cloudy
07/07/18,517.689,1.79,,77.122,8:15AM,Cloudy
06/07/18,1441.326,4.985,,206.642,2:00PM,Partly Cloudy
05/07/18,1682.885,5.82,,211.08700000000002,12:30PM,Fine
04/07/18,1679.345,5.808,,209.17,1:30PM,Fine
03/07/18,1615.213,5.586,,208.21099999999998,12:30PM,Fine
02/07/18,1626.842,5.626,,213.87400000000002,1:00PM,Fine
01/07/18,1719.71,5.9479999999999995,,215.52200000000002,1:15PM,Fine
30/06/18,1740.951,6.021,,218.72799999999998,12:45PM,Fine
29/06/18,1746.406,6.04,,221.00400000000002,1:00PM,Fine
28/06/18,1744.125,6.032,,219.322,1:00PM,Fine
27/06/18,1713.856,5.9270000000000005,,212.12,12:30PM,Fine
26/06/18,1666.432,5.763,,216.053,12:45PM,Fine
25/06/18,1791.93,6.197,,217.442,1:15PM,Fine
24/06/18,1743.225,6.029,,221.245,1:00PM,Fine
23/06/18,1571.0770000000002,5.434,,225.158,12:00PM,Fine
22/06/18,1761.741,6.093,,214.24599999999998,12:30PM,Fine
21/06/18,1633.2579999999998,5.649,,2124,1:00PM,Fine
20/06/18,1527.2520000000002,5.282,,217.1,12:30PM,Fine
19/06/18,1587.514,5.49,,217.22,1:00PM,Fine
18/06/18,1760.204,6.087999999999999,,224.584,1:00PM,Fine
17/06/18,1760.379,6.087999999999999,,224.584,1:00PM,Fine
16/06/18,783.862,2.7110000000000003,,200.81099999999998,12:30PM,Mostly Cloudy
15/06/18,1540.351,5.327000000000001,,222.71900000000002,12:30PM,Fine
14/06/18,1714.1529999999998,5.928,,213.68099999999998,12:30PM,Fine
13/06/18,1781.193,6.16,,218.19,12:15PM,Fine
12/06/18,1787.8039999999999,6.183,,217.99,12:15PM,Fine
11/06/18,1813.997,6.274,,218.67,1:00PM,Fine
10/06/18,1814.594,6.276,,221.03799999999998,1:00PM,Fine
09/06/18,1810.453,6.2620000000000005,,219.296,1:00PM,Fine
08/06/18,1819.128,6.292000000000001,,220.722,12:30PM,Fine
07/06/18,1797.381,6.216,,225.042,12:45PM,Fine
06/06/18,1731.59,5.989,,220.38,1:30PM,Fine
05/06/18,1843.5179999999998,6.376,,226.035,12:45PM,Fine
04/06/18,1825.88,6.315,,226.315,12:45PM,Fine
03/06/18,1824.635,6.311,,222.54,12:30PM,Fine
02/06/18,1820.7920000000001,6.297000000000001,,219.576,12:30PM,Fine
01/06/18,1845.7060000000001,6.382999999999999,,225.81799999999998,12:45PM,Fine
31/05/18,1652.005,5.7139999999999995,,244.919,11:30AM,Fine
30/05/18,1395.193,4.825,,234.813,12:00PM,Partly Cloudy
29/05/18,1688.058,5.837999999999999,,238.517,12:00PM,Fine
28/05/18,1593.681,5.5120000000000005,,223.882,12:15PM,Fine
27/05/18,1723.0120000000002,5.959,,229.65200000000002,11:00AM,Fine
26/05/18,1326.057,4.586,,225.58700000000002,1:15PM,Partly Cloudy
25/05/18,1571.844,5.436,,234.743,1:45PM,Fine
24/05/18,733.427,2.537,,137.41299999999998,1:30PM,Mostly Cloudy
23/05/18,1604.602,5.55,,236.18200000000002,11:45AM,Fine
22/05/18,1710.904,5.917000000000001,,252.11599999999999,12:45PM,Fine
21/05/18,814.762,2.818,,155.078,1:15PM,Mostly Cloudy
20/05/18,1168.512,4.041,,233.729,12:30PM,Partly Cloudy
19/05/18,1252.762,4.333,,224.976,12:30PM,Partly Cloudy
18/05/18,1037.2930000000001,3.588,,237,2:30PM,Mostly Cloudy
17/05/18,1312.204,4.538,,177.998,12:45PM,Partly Cloudy
16/05/18,1197.785,4.143,,1785,12:15PM,Partly Cloudy
15/05/18,1138.0739999999998,3.9360000000000004,,172.521,12:30PM,Mostly Cloudy
14/05/18,1378.29,4.7669999999999995,,177.248,1:15PM,Partly Cloudy
13/05/18,1241.9669999999999,4.295,,194.91400000000002,12:15PM,Partly Cloudy
12/05/18,661.55,2.2880000000000003,,148.514,11:45AM,Cloudy
11/05/18,497.92900000000003,1.722,,114.116,11:45AM,Cloudy
10/05/18,1248.7060000000001,4.319,,165.801,12:15PM,Partly Cloudy
09/05/18,1296.736,4.485,,168.94400000000002,12:45PM,Partly Cloudy
08/05/18,1329.9579999999999,4.6,,176.364,12:15PM,Partly Cloudy
07/05/18,1372.136,4.746,,172.488,12:45PM,Partly Cloudy
06/05/18,1358.6629999999998,4.699,,169.035,12:45PM,Partly Cloudy
05/05/18,1339.361,4.632,,170.104,12:45PM,Partly Cloudy
04/05/18,1344.246,4.649,,167.96200000000002,1:00PM,Partly Cloudy
03/05/18,1357.882,4.696000000000001,,171.347,12:45PM,Partly Cloudy
02/05/18,307.465,1.063,,95.354,12:00PM,Cloudy
01/05/18,596.4119999999999,2.063,,140.156,2:30PM,Cloudy
30/04/18,684.6010000000001,2.3680000000000003,,136.548,12:15PM,Cloudy
29/04/18,1200.9560000000001,4.154,,177.769,12:15PM,Partly Cloudy
28/04/18,1336.287,4.622,,171.675,12:45PM,Partly Cloudy
27/04/18,1153.193,3.988,,170.52,1:30PM,Mostly Cloudy
26/04/18,1217.458,4.211,,169.847,12:00PM,Partly Cloudy
25/04/18,1324.97,4.582,,168.17,12:00PM,Partly Cloudy
24/04/18,1269.298,4.39,,179.02200000000002,12:45PM,Partly Cloudy
23/04/18,1261.9589999999998,4.365,,166.794,12:15PM,Partly Cloudy
22/04/18,1321.444,4.57,,170.541,1:00PM,Partly Cloudy
21/04/18,1139.577,3.9410000000000003,,174.93900000000002,1:15PM,Mostly Cloudy
20/04/18,1373.668,4.751,,177.389,12:45PM,Partly Cloudy
19/04/18,1034.1019999999999,3.576,,198.15599999999998,1:30PM,Mostly Cloudy
18/04/18,1351.264,4.673,,175.828,12:15PM,Partly Cloudy
17/04/18,1361.99,4.71,,176.238,1:15PM,Partly Cloudy
16/04/18,1234.764,4.27,,192.02599999999998,1:15PM,Partly Cloudy
15/04/18,1091.109,3.7739999999999996,,174.07299999999998,2:15PM,Mostly Cloudy
14/04/18,1297.431,4.487,,165.011,12:45PM,Partly Cloudy
13/04/18,1289.424,4.46,,165.542,1:00PM,Partly Cloudy
12/04/18,1145.843,3.963,,184.745,12:30PM,Mostly Cloudy
11/04/18,1272.833,4.402,,170.31799999999998,1:00PM,Partly Cloudy
10/04/18,1242.464,4.297,,164.09099999999998,1:00PM,Partly Cloudy
09/04/18,1240.105,4.289,,167.43,12:45PM,Partly Cloudy
08/04/18,1244.366,4.303999999999999,,169.43599999999998,12:45PM,Partly Cloudy
07/04/18,963.745,3.333,,143.282,10:45AM,Mostly Cloudy
06/04/18,1043.988,3.611,,156.791,11:00AM,Mostly Cloudy
05/04/18,1173.464,4.058,,164.101,12:15PM,Partly Cloudy
04/04/18,1129.628,3.907,,171.498,1:15PM,Mostly Cloudy
03/04/18,1129.537,3.907,,161.671,1:15PM,Mostly Cloudy
02/04/18,547.9159999999999,1.895,,117.931,1:30PM,Cloudy
01/04/18,1106.7839999999999,3.8280000000000003,,180.709,12:15PM,Mostly Cloudy
31/03/18,1050.868,3.634,,1741,12:30PM,Mostly Cloudy
30/03/18,1204.454,4.166,,163.92,1:00PM,Partly Cloudy
29/03/18,1246.993,4.313,,166.357,1:00PM,Partly Cloudy
28/03/18,1263.641,4.37,,169.115,12:30PM,Partly Cloudy
27/03/18,1275.586,4.412,,170.253,1:15PM,Partly Cloudy
26/03/18,1061.844,3.6719999999999997,,181.391,1:30PM,Mostly Cloudy
25/03/18,1209.848,4.184,,195.213,1:15PM,Partly Cloudy
24/03/18,1056.075,3.6519999999999997,,195.019,12:15PM,Mostly Cloudy
23/03/18,982.914,3.3989999999999996,,177.94799999999998,1:30PM,Mostly Cloudy
22/03/18,368.885,1.276,,76.59,2:00PM,Cloudy
21/03/18,1005.22,3.477,,154.464,12:00PM,Mostly Cloudy
20/03/18,1065.855,3.6860000000000004,,172.313,1:30PM,Mostly Cloudy
19/03/18,1135.9089999999999,3.929,,164.66,12:15PM,Mostly Cloudy
18/03/18,1069.8419999999999,3.7,,169.665,12:45PM,Mostly Cloudy
17/03/18,645.498,2.2319999999999998,,180.178,2:30PM,Cloudy
16/03/18,930.584,3.218,,171.13400000000001,2:15PM,Mostly Cloudy
15/03/18,1106.519,3.827,,183.835,1:15PM,Mostly Cloudy
14/03/18,708.176,2.449,,162.719,1:00PM,Cloudy
13/03/18,729.704,2.524,,131.875,11:30AM,Mostly Cloudy
12/03/18,1022.439,3.536,,158.285,12:00PM,Mostly Cloudy
11/03/18,951.176,3.29,,172.47799999999998,12:45PM,Mostly Cloudy
10/03/18,146.269,0.506,,33.518,11:30AM,Showers
09/03/18,956.459,3.3080000000000003,,153.954,11:30AM,Mostly Cloudy
08/03/18,952.558,3.2939999999999996,,165.635,1:00PM,Mostly Cloudy
07/03/18,847.3589999999999,2.931,,146.339,10:15AM,Mostly Cloudy
06/03/18,1122.55,3.8819999999999997,,159.524,12:00PM,Mostly Cloudy
05/03/18,1080.994,3.739,,159.67600000000002,12:00PM,Mostly Cloudy
04/03/18,1088.357,3.764,,178.005,12:00PM,Mostly Cloudy
03/03/18,512.613,1.7730000000000001,,129.185,12:15PM,Cloudy
02/03/18,1093.017,3.78,,158.02,11:45AM,Mostly Cloudy
01/03/18,1101.482,3.81,,158.481,12:15PM,Mostly Cloudy
28/02/18,914.799,3.1639999999999997,,178.37900000000002,11:30AM,Mostly Cloudy
27/02/18,760.301,2.63,,180.372,12:15PM,Mostly Cloudy
26/02/18,1066.351,3.688,,157.795,12:30PM,Mostly Cloudy
25/02/18,1063.63,3.679,,155.29399999999998,11:45AM,Mostly Cloudy
24/02/18,941.382,3.2560000000000002,,121.786,11:15AM,Mostly Cloudy
23/02/18,957.821,3.313,,177.062,11:45AM,Mostly Cloudy
22/02/18,666.0169999999999,2.303,,168.40099999999998,12:30PM,Cloudy
21/02/18,487.195,1.685,,171.455,1:00PM,Cloudy
20/02/18,1060.362,3.667,,159.582,12:00PM,Mostly Cloudy
19/02/18,929.688,3.215,,165.44299999999998,12:15PM,Mostly Cloudy
18/02/18,932.697,3.2260000000000004,,149.888,11:00AM,Mostly Cloudy
17/02/18,935.201,3.234,,149.85,11:00AM,Mostly Cloudy
16/02/18,941.2330000000001,3.255,,149.379,12:00PM,Mostly Cloudy
15/02/18,925.3,3.182,,146.225,12:00PM,Mostly Cloudy
14/02/18,641.3,2.218,,147.05100000000002,11:45AM,Cloudy
13/02/18,850.935,2.943,,160.46,12:15PM,Mostly Cloudy
12/02/18,304.402,1.053,,66.831,1:15PM,Cloudy
11/02/18,820.279,2.8369999999999997,,132.95,12:00PM,Mostly Cloudy
10/02/18,877.2810000000001,3.034,,136.731,12:00PM,Mostly Cloudy
09/02/18,877.2810000000001,3.034,,136.731,12:00PM,Mostly Cloudy
08/02/18,868.078,3.002,,135.55200000000002,12:15PM,Mostly Cloudy
07/02/18,868.308,3.003,,136.12,12:00PM,Mostly Cloudy
06/02/18,839.548,2.904,,135.191,11:45AM,Mostly Cloudy
05/02/18,835.6060000000001,2.89,,133.935,12:00PM,Mostly Cloudy
04/02/18,833.58,2.883,,132.97,12:15PM,Mostly Cloudy
03/02/18,833.6060000000001,2.883,,133.89600000000002,12:15PM,Mostly Cloudy
02/02/18,814.3560000000001,2.8160000000000003,,131.115,12:30PM,Mostly Cloudy
01/02/18,826.7289999999999,2.859,,134.58700000000002,12:00PM,Mostly Cloudy
31/01/18,819.834,2.835,,131.315,12:15PM,Mostly Cloudy
30/01/18,555.344,1.921,,121.23899999999999,9:45AM,Cloudy
29/01/18,826.939,2.86,,133.317,12:00PM,Mostly Cloudy
28/01/18,821.904,2.843,,131.863,12:15PM,Mostly Cloudy
27/01/18,793.203,2.7430000000000003,,137.662,12:15PM,Mostly Cloudy
26/01/18,817.913,2.8289999999999997,,136.378,12:00PM,Mostly Cloudy
25/01/18,672.5310000000001,2.326,,134.714,11:45AM,Cloudy
24/01/18,814.029,2.815,,134.49200000000002,12:00PM,Mostly Cloudy
23/01/18,815.398,2.82,,134.275,12:00PM,Mostly Cloudy
22/01/18,809.6519999999999,2.8,,135.97899999999998,12:15PM,Mostly Cloudy
21/01/18,748.818,2.59,,134.268,11:45AM,Mostly Cloudy
19/01/18,573.113,1.982,,123.824,12:15PM,Cloudy
18/01/18,715.067,2.4730000000000003,,126.89,12:00PM,Cloudy
17/01/18,712.123,2.463,,126.307,12:00PM,Mostly Cloudy
16/01/18,641.059,2.217,,127.17200000000001,11:45AM,Cloudy
15/01/18,664.301,2.298,,125.48700000000001,11:45AM,Cloudy
14/01/18,624.864,2.161,,132.421,1:00PM,Cloudy
13/01/18,735.415,2.543,,124.958,12:15PM,Mostly Cloudy
12/01/18,722.8380000000001,2.5,,127.38600000000001,12:00PM,Mostly Cloudy
11/01/18,735.265,2.543,,127.024,12:00PM,Mostly Cloudy
10/01/18,245.597,0.8490000000000001,,60.665,10:30AM,Showers
09/01/18,272.383,0.9420000000000001,,113.64,12:30PM,Showers
08/01/18,199.24200000000002,0.6890000000000001,,52.724,12:45PM,Showers
07/01/18,515.805,1.784,,121.215,11:30AM,Cloudy
06/01/18,445.015,1.5390000000000001,,108.648,11:45AM,Cloudy
05/01/18,624.043,2.158,,113.646,11:45AM,Cloudy
04/01/18,636.164,2.2,,112.79,11:45AM,Cloudy
03/01/18,254.547,0.88,,61.757,11:15AM,Showers
02/01/18,653.165,2.259,,116.259,11:45AM,Cloudy
01/01/18,591.3919999999999,2.045,,128.368,12:00PM,Cloudy
31/12/17,546.974,1.892,,113.588,11:00AM,Cloudy
30/12/17,666.5419999999999,2.305,,117.36,12:00PM,Cloudy
29/12/17,671.023,2.3209999999999997,,119.10799999999999,11:45AM,Cloudy
28/12/17,661.913,2.289,,117.99700000000001,11:45AM,Cloudy
27/12/17,657.203,2.273,,117.295,11:45AM,Cloudy
26/12/17,470.97900000000004,1.629,,109.516,12:45PM,Cloudy
25/12/17,597.434,2.066,,109.943,11:45AM,Cloudy
24/12/17,661.8860000000001,2.289,,120.385,11:45AM,Cloudy
23/12/17,629.66,2.178,,111.98299999999999,10:30AM,Cloudy
22/12/17,669.8789999999999,2.3169999999999997,,123.919,11:45AM,Cloudy
21/12/17,233.03,0.8059999999999999,,109.24700000000001,12:45PM,Showers
12/12/17,93.613,0.324,,86.81,8:45AM,Showers
11/12/17,840.2339999999999,2.906,,148.611,11:55AM,Mostly Cloudy
10/12/17,685.243,2.37,,151.207,1:25PM,Cloudy
09/12/17,677.04,2.342,,138.388,10:15AM,Cloudy
08/12/17,765.06,2.6460000000000004,,134.248,11:45AM,Mostly Cloudy
07/12/17,854.049,2.9539999999999997,,158.953,11:45AM,Mostly Cloudy
06/12/17,854.7510000000001,2.9560000000000004,,150.28,11:45AM,Mostly Cloudy
05/12/17,745.742,2.5789999999999997,,151.827,10:45AM,Mostly Cloudy
04/12/17,785.475,2.717,,166.385,11:30AM,Mostly Cloudy
03/12/17,671.822,2.324,,143.343,11:30AM,Cloudy
02/12/17,823.622,2.8489999999999998,,143.442,11:30AM,Mostly Cloudy
01/12/17,834.066,2.885,,146.39700000000002,11:45AM,Mostly Cloudy
30/11/17,370.89099999999996,1.2830000000000001,,80.852,9:15AM,Cloudy
29/11/17,589.413,2.039,,150799999999998,10:05AM,Cloudy
28/11/17,448.33099999999996,1.551,,152.208,12:10PM,Cloudy
27/11/17,470.509,1.6269999999999998,,156.58700000000002,12:30PM,Cloudy
26/11/17,908.93,3.1439999999999997,,157.185,11:45AM,Mostly Cloudy
25/11/17,900.8439999999999,3.116,,156.026,11:40AM,Mostly Cloudy
24/11/17,885.191,3.0610000000000004,,152.058,11:35AM,Mostly Cloudy
23/11/17,879.4060000000001,3.0410000000000004,,152.108,11:40AM,Mostly Cloudy
22/11/17,885.815,3.0639999999999996,,150.844,11:35AM,Mostly Cloudy
21/11/17,881.562,3.049,,155.526,11:40AM,Mostly Cloudy
20/11/17,895.4639999999999,3.097,,157.135,11:10AM,Mostly Cloudy
19/11/17,855.0110000000001,2.957,,166.03900000000002,12:40PM,Mostly Cloudy
18/11/17,948.128,3.279,,165.12,12:00PM,Mostly Cloudy
17/11/17,482.80199999999996,1.67,,145.201,12:35PM,Cloudy
16/11/17,746.304,2.5810000000000004,,1614,11:05AM,Mostly Cloudy
15/11/17,581.687,2.012,,169.614,10:10AM,Cloudy
14/11/17,838.35,2.8989999999999996,,165.076,11:30AM,Mostly Cloudy
13/11/17,679.408,2.35,,184.06900000000002,11:40AM,Cloudy
12/11/17,474.209,1.64,,155.415,11:00AM,Cloudy
11/11/17,1005.6669999999999,3.478,,166.53900000000002,11:40AM,Mostly Cloudy
10/11/17,970.7489999999999,3.3569999999999998,,187.918,10:45AM,Mostly Cloudy
09/11/17,784.82,2.714,,169.02700000000002,11:20AM,Mostly Cloudy
08/11/17,622.206,2.1519999999999997,,144.756,11:15AM,Cloudy
07/11/17,360.625,1.247,,132.656,12:00PM,Cloudy
06/11/17,632.305,2.187,,186.235,11:30AM,Cloudy
05/11/17,733.393,2.536,,206.997,11:15AM,Mostly Cloudy
04/11/17,1025.057,3.545,,170.993,1:15PM,Mostly Cloudy
03/11/17,750.573,2.596,,151.13299999999998,11:15AM,Mostly Cloudy
02/11/17,698.1469999999999,2.415,,211.449,12:15PM,Cloudy
01/11/17,580.131,2.006,,190.41400000000002,1:00PM,Cloudy
31/10/17,418.14,1.446,,76.655,1:45PM,Cloudy
30/10/17,352.36800000000005,1.219,,112.083,3:00PM,Cloudy
29/10/17,1009.926,3.4930000000000003,,169.422,12:45PM,Mostly Cloudy
28/10/17,1101.12,3.8080000000000003,,172.67,12:30PM,Mostly Cloudy
27/10/17,1096.5610000000001,3.792,,172.715,12:30PM,Mostly Cloudy
26/10/17,1081.757,3.741,,167.547,12:30PM,Mostly Cloudy
25/10/17,1107.129,3.8289999999999997,,169.975,12:30PM,Mostly Cloudy
24/10/17,1120.888,3.877,,169.083,12:30PM,Mostly Cloudy
23/10/17,1147.6860000000001,3.969,,173.24400000000003,12:45PM,Mostly Cloudy
22/10/17,1172.765,4.056,,176.877,12:45PM,Partly Cloudy
21/10/17,1179.996,4.081,,180.812,12:30PM,Partly Cloudy
20/10/17,497.591,1.7209999999999999,,94.279,2:45PM,Cloudy
19/10/17,836.721,2.8939999999999997,,151.886,12:00PM,Mostly Cloudy
18/10/17,1155.39999999999,3.977,,177.791,12:30PM,Mostly Cloudy
17/10/17,1134.9080000000001,3.925,,184.533,1:15PM,Mostly Cloudy
16/10/17,1193.615,4.128,,177.662,12:30PM,Partly Cloudy
15/10/17,1212.973,4.195,,178.71400000000003,12:30PM,Partly Cloudy
14/10/17,1239.953,4.288,,185.94400000000002,12:30PM,Partly Cloudy
13/10/17,1129.7830000000001,3.907,,186.81,12:45PM,Mostly Cloudy
12/10/17,1263.656,4.37,,189.372,12:30PM,Partly Cloudy
11/10/17,1308.26,4.525,,200.327,12:45PM,Partly Cloudy
10/10/17,1331.0420000000001,4.603,,192.85,12:45PM,Partly Cloudy
09/10/17,1261.17,4.362,,188.227,12:30PM,Partly Cloudy
08/10/17,1337.858,4.627,,196.563,12:30PM,Partly Cloudy
07/10/17,1365.082,4.721,,194.31,1:00PM,Partly Cloudy
06/10/17,1365.0910000000001,4.721,,194.31,1:00PM,Partly Cloudy
05/10/17,1395.707,4.827,,197.923,12:00PM,Partly Cloudy
04/10/17,1407.4560000000001,4.868,,201.079,12:45PM,Partly Cloudy
03/10/17,1077.415,3.7260000000000004,,215.265,1:00PM,Mostly Cloudy
30/09/17,1434.2179999999998,4.96,,202.037,12:30PM,Partly Cloudy
29/09/17,1413.628,4.888999999999999,,203.68,1:15PM,Partly Cloudy
28/09/17,1449.5870000000002,5.013,,202.68099999999998,12:45PM,Fine
27/09/17,1461.195,5.053999999999999,,204.65,12:45PM,Fine
26/09/17,1452.8120000000001,5.025,,201.93099999999998,12:45PM,Fine
25/09/17,1465.763,5.069,,209.803,12:30PM,Fine
24/09/17,1523.0439999999999,5.267,,206.813,12:45PM,Fine
23/09/17,1224.1680000000001,4.234,,224.16299999999998,1:45PM,Partly Cloudy
22/09/17,1363.004,4.7139999999999995,,221.757,12:00PM,Partly Cloudy
21/09/17,606.74,2.0980000000000003,,108.445,2:15PM,Cloudy
20/09/17,1260.516,4.36,,211.11900000000003,12:45PM,Partly Cloudy
19/09/17,1402.356,4.85,,203.93099999999998,12:15PM,Partly Cloudy
18/09/17,1368.86,4.734,,209.576,12:00PM,Partly Cloudy
17/09/17,1260.5230000000001,4.36,,211.11900000000003,12:45PM,Partly Cloudy
16/09/17,957.672,3.312,,203.22299999999998,1:45PM,Mostly Cloudy
15/09/17,940.798,3.2539999999999996,,229.976,11:15AM,Mostly Cloudy
14/09/17,946.4960000000001,3.273,,204.503,1:45PM,Mostly Cloudy
13/09/17,1041.119,3.6010000000000004,,212.665,1:00PM,Mostly Cloudy
12/09/17,1490.37,5.154,,211.55700000000002,2:15PM,Fine
11/09/17,1523.4160000000002,5.269,,207.608,12:45PM,Fine
10/09/17,1476.62,5.107,,204.718,12:15PM,Fine
09/09/17,1391.77,4.813,,238.128,1:00PM,Partly Cloudy
08/09/17,1181.636,4.087,,209.063,12:15PM,Partly Cloudy
07/09/17,1541.9229999999998,5.332999999999999,,209.40400000000002,12:30PM,Fine
06/09/17,1547.92,5.354,,205.918,12:45PM,Fine
05/09/17,1440.259,4.981,,214.69099999999997,12:45PM,Partly Cloudy
04/09/17,707.049,2.445,,188.304,3:00PM,Cloudy
03/09/17,768.3530000000001,2.657,,198.99,1:30PM,Mostly Cloudy
02/09/17,1349.54,4.667,,195.56099999999998,12:00PM,Partly Cloudy
01/09/17,1360.626,4.706,,199.58599999999998,2:00PM,Partly Cloudy
31/08/17,1142.46,3.951,,195.928,1:00PM,Mostly Cloudy
30/08/17,1462.859,5.059,,193.076,12:30PM,Fine
29/08/17,1478.477,5.113,,206.582,12:15PM,Fine
28/08/17,1273.447,4.404,,224.328,1:30PM,Partly Cloudy
27/08/17,1567.592,5.422000000000001,,204.362,1:00PM,Fine
26/08/17,1584.8239999999998,5.481,,204.58900000000003,12:45PM,Fine
25/08/17,1354.8410000000001,4.686,,209.50099999999998,12:30PM,Partly Cloudy
24/08/17,955.418,3.304,,190.548,2:00PM,Mostly Cloudy
23/08/17,943.028,3.261,,190.338,3:00PM,Mostly Cloudy
22/08/17,1527.715,5.284,,213.555,12:45PM,Fine
21/08/17,1507.6889999999999,5.2139999999999995,,210.863,12:30PM,Fine
20/08/17,1482.855,5.129,,212.62,1:30PM,Fine
19/08/17,1412.3470000000002,4.885,,214.329,12:45PM,Partly Cloudy
18/08/17,1547.246,5.351,,215.58599999999998,12:45PM,Fine
17/08/17,1678.7839999999999,5.806,,213.752,1:15PM,Fine
16/08/17,1654.057,5.721,,218.59,12:45PM,Fine
15/08/17,1469.925,5.084,,233.726,1:45PM,Fine
14/08/17,1706.086,5.901,,216.377,1:00PM,Fine
13/08/17,1665.0339999999999,5.7589999999999995,,212.872,12:45PM,Fine
12/08/17,1584.941,5.482,,213.243,12:45PM,Fine
11/08/17,1666.578,5.763999999999999,,211.872,12:30PM,Fine
10/08/17,1656.845,5.73,,214.28900000000002,1:00PM,Fine
09/08/17,1644.078,5.686,,214.653,12:15PM,Fine
08/08/17,1693.513,5.857,,218.59400000000002,12:45PM,Fine
07/08/17,1583.22,5.476,,212.217,1:30PM,Fine
06/08/17,1604.816,5.55,,212.88400000000001,1:00PM,Fine
05/08/17,1610.5120000000002,5.57,,214.044,12:45PM,Fine
04/08/17,1699.872,5.879,,214.804,1:00PM,Fine
03/08/17,1639.2220000000002,5.669,,212.64,1:00PM,Fine
02/08/17,781.818,2.7039999999999997,,168.606,9:30AM,Mostly Cloudy
01/08/17,1317.297,4.556,,242.391,1:15PM,Partly Cloudy
31/07/17,1698.146,5.872999999999999,,215.22,12:45PM,Fine
30/07/17,1736.305,6.005,,219.06599999999997,1:15PM,Fine
29/07/17,1712.0729999999999,5.921,,214.208,12:45PM,Fine
28/07/17,1745.0910000000001,6.035,,221.53,12:45PM,Fine
27/07/17,1781.376,6.1610000000000005,,221.78900000000002,1:15PM,Fine
26/07/17,1725.1029999999998,5.966,,219.55599999999998,1:00PM,Fine
25/07/17,1572.945,5.44,,227.611,11:30AM,Fine
24/07/17,1339.28,4.632,,237.544,12:45PM,Partly Cloudy
23/07/17,1693.842,5.858,,210.83700000000002,1:00PM,Fine
22/07/17,1687.2910000000002,5.836,,212.153,1:00PM,Fine
21/07/17,1752.263,6.06,,218.06900000000002,12:30PM,Fine
20/07/17,1572.104,5.437,,222.417,1:00PM,Fine
19/07/17,1671.7879999999998,5.782,,224.907,1:15PM,Fine
18/07/17,1544.2220000000002,5.341,,221.84799999999998,11:00AM,Fine
17/07/17,1691.057,5.849,,210.206,1:15PM,Fine
16/07/17,1385.868,4.793,,211.215,12:15PM,Partly Cloudy
15/07/17,1717.4260000000002,5.94,,230.37400000000002,2:15PM,Fine
14/07/17,1724.754,5.965,,219.79,12:45PM,Fine
13/07/17,1755.874,6.0729999999999995,,217.15099999999998,1:15PM,Fine
12/07/17,1732.183,5.9910000000000005,,213.898,1:00PM,Fine
11/07/17,1701.8020000000001,5.886,,210.295,1:00PM,Fine
10/07/17,1687.3139999999999,5.836,,206.995,1:00PM,Fine
09/07/17,1050.307,3.633,,205.76,1:00PM,Mostly Cloudy
08/07/17,1287.55,4.453,,202.671,12:00PM,Partly Cloudy
07/07/17,1444.649,4.996,,219.457,2:00PM,Partly Cloudy
06/07/17,1494.082,5.167000000000001,,202.717,1:00PM,Fine
05/07/17,1566.516,5.417999999999999,,206.61,12:30PM,Fine
04/07/17,1678.3410000000001,5.805,,210.275,12:30PM,Fine
03/07/17,1705.665,5.899,,208.296,12:30PM,Fine
02/07/17,1741.1429999999998,6.022,,220.576,12:45PM,Fine
01/07/17,1552.625,5.37,,215.375,12:45PM,Fine
30/06/17,1691.207,5.849,,214.675,1:15PM,Fine
29/06/17,1721.618,5.954,,217.963,1:00PM,Fine
28/06/17,1785.8139999999999,6.176,,222.72799999999998,12:30PM,Fine
27/06/17,1754.099,6.067,,212.855,1:15PM,Fine
26/06/17,1698.596,5.875,,207.40099999999998,1:00PM,Fine
25/06/17,1696.089,5.8660000000000005,,209.829,12:15PM,Fine
24/06/17,1543.967,5.34,,213.13400000000001,1:00PM,Fine
23/06/17,1555.29,5.379,,215.25400000000002,1:00PM,Fine
22/06/17,1450.54,5.0169999999999995,,213.16,12:30PM,Fine
21/06/17,1713.72,5.9270000000000005,,207.77200000000002,1:00PM,Fine
20/06/17,1733.1960000000001,5.994,,210.729,1:15PM,Fine
19/06/17,1770.651,6.124,,216.155,12:30PM,Fine
18/06/17,1797.066,6.215,,217.523,12:45PM,Fine
17/06/17,1794.891,6.207999999999999,,215.66099999999997,1:00PM,Fine
16/06/17,1786.3139999999999,6.178,,213.459,12:45PM,Fine
15/06/17,1823.8139999999999,6.308,,223.083,1:00PM,Fine
14/06/17,1832.3210000000001,6.337000000000001,,222.187,12:45PM,Fine
13/06/17,1857.015,6.422999999999999,,224.82299999999998,1:15PM,Fine
12/06/17,1889.096,6.5329999999999995,,231.35,1:00PM,Fine
11/06/17,1413.442,4.888,,252.68200000000002,1:30PM,Partly Cloudy
10/06/17,1510.18,5.223,,234.24400000000003,1:45PM,Fine
09/06/17,1659.605,5.74,,219.972,1:00PM,Fine
08/06/17,1696.7620000000002,5.867999999999999,,226.878,12:30PM,Fine
07/06/17,1279.746,4.426,,241.56599999999997,12:45PM,Partly Cloudy
05/06/17,1462.247,5.0569999999999995,,225.16,12:15PM,Fine
04/06/17,1663.257,5.752000000000001,,223.84900000000002,12:45PM,Fine
03/06/17,1776.1329999999998,6.143,,222.497,12:00PM,Fine
02/06/17,1708.5420000000001,5.909,,224.65099999999998,1:00PM,Fine
01/06/17,1194.322,4.131,,229.34799999999998,1:30PM,Partly Cloudy
31/05/17,1268.309,4.386,,227.614,1:45PM,Partly Cloudy
30/05/17,1272.572,4.401,,222.27900000000002,12:45PM,Partly Cloudy
29/05/17,1387.2679999999998,4.798,,233.623,12:15PM,Partly Cloudy
28/05/17,1865.5539999999999,6.452000000000001,,230.68200000000002,12:15PM,Fine
27/05/17,1720.203,5.949,,228.553,12:45PM,Fine
26/05/17,1643.681,5.685,,246.954,11:15AM,Fine
25/05/17,1485.017,5.136,,241.678,1:15PM,Fine
24/05/17,1673.8210000000001,5.789,,230.40200000000002,12:15PM,Fine
23/05/17,1815.371,6.279,,226.112,12:00PM,Fine
22/05/17,1799.4620000000002,6.223,,223.5,1:00PM,Fine
21/05/17,1827.144,6.319,,224.576,12:45PM,Fine
20/05/17,1830.145,6.33,,225.22400000000002,12:45PM,Fine
19/05/17,1860.99,6.436,,228.42700000000002,1:00PM,Fine
18/05/17,1843.771,6.377000000000001,,228.96599999999998,1:15PM,Fine
17/05/17,1322.227,4.573,,245.201,11:00AM,Partly Cloudy
16/05/17,997.508,3.45,,179.987,2:15PM,Mostly Cloudy
15/05/17,1375.2979999999998,4.757,,233.736,10:15AM,Partly Cloudy
14/05/17,1728.279,5.977,,239.775,12:45PM,Fine
13/05/17,1781.273,6.1610000000000005,,231.47400000000002,12:45PM,Fine
12/05/17,1193.971,4.129,,233.62400000000002,1:00PM,Partly Cloudy
11/05/17,1830.5510000000002,6.331,,230.69299999999998,12:30PM,Fine
10/05/17,427.89599999999996,1.48,,84.22200000000001,,Cloudy
09/05/17,850.562,2.9419999999999997,,218.595,10:45AM,Mostly Cloudy
08/05/17,1807.249,6.25,,235.072,12:30PM,Fine
07/05/17,514.214,1.778,,175.963,12:00PM,Cloudy
06/05/17,548.691,1.8980000000000001,,154.866,1:15PM,Cloudy
05/05/17,1653.4579999999999,5.718999999999999,,115.62899999999999,1:30PM,Fine
04/05/17,1653.4560000000001,5.718999999999999,,214.707,1:00PM,Fine
03/05/17,1639.533,5.67,,214.472,12:30PM,Fine
02/05/17,1683.191,5.821000000000001,,219.30599999999998,12:30PM,Fine
01/05/17,1707.251,5.905,,216.702,12:30PM,Fine
30/04/17,1707.251,5.905,,216.702,12:30PM,Fine
29/04/17,1747.25,6.042999999999999,,221.265,1:00PM,Fine
28/04/17,1652.38,5.715,,220.68599999999998,1:15PM,Fine
27/04/17,1513.47,5.234,,223.738,1:00PM,Fine
26/04/17,1676.3829999999998,5.797999999999999,,219.635,12:45PM,Fine
25/04/17,1245.915,4.309,,215.37,11:45AM,Partly Cloudy
24/04/17,1393.161,4.8180000000000005,,214.615,1:30PM,Partly Cloudy
23/04/17,1686.433,5.832999999999999,,221.456,1:00PM,Fine
22/04/17,1652.851,5.716,,218.87400000000002,1:00PM,Fine
21/04/17,1660.861,5.744,,209.24099999999999,12:15PM,Fine
20/04/17,1750.73,6.055,,225.85299999999998,12:30PM,Fine
19/04/17,1610.4560000000001,5.57,,224.688,1:15PM,Fine
18/04/17,1653.5,5.718999999999999,,223.208,1:00PM,Fine
17/04/17,1583.3470000000002,5.476,,224.98,1:00PM,Fine
16/04/17,1690.464,5.847,,224.4,12:45PM,Fine
15/04/17,1712.8870000000002,5.9239999999999995,,222.84099999999998,1:00PM,Fine
14/04/17,1693.672,5.858,,226.238,12:45PM,Fine
13/04/17,1482.525,5.127000000000001,,237.83599999999998,12:30PM,Fine
12/04/17,1714.92,5.931,,221.058,12:15PM,Fine
11/04/17,1662.036,5.747999999999999,,218.85,12:45PM,Fine
10/04/17,1699.5079999999998,5.877999999999999,,222.429,1:00PM,Fine
09/04/17,1597.476,5.525,,230.22,12:15PM,Fine
08/04/17,1323.4779999999998,4.577,,240.55,1:00PM,Partly Cloudy
07/04/17,1560.484,5.397,,214.497,12:45PM,Fine
06/04/17,1554.318,5.376,,222.882,1:15PM,Fine
05/04/17,1651.496,5.712000000000001,,215.713,1:00PM,Fine
04/04/17,1676.251,5.797000000000001,,221.774,12:45PM,Fine
03/04/17,1684.568,5.8260000000000005,,228.49400000000003,1:00PM,Fine
02/04/17,1666.825,5.765,,218.503,1:00PM,Fine
01/04/17,1682.219,5.818,,222.333,1:00PM,Fine
31/03/17,1648.503,5.7010000000000005,,230.68200000000002,1:15PM,Fine
30/03/17,1679.1470000000002,5.807,,227.63400000000001,12:30PM,Fine
29/03/17,1678.247,5.803999999999999,,220.86900000000003,12:30PM,Fine
28/03/17,1671.767,5.782,,223.924,1:15PM,Fine
27/03/17,1041.454,3.602,,232.769,2:45PM,Mostly Cloudy
26/03/17,1161.8419999999999,4.018,,233.53099999999998,1:30PM,Partly Cloudy
25/03/17,1197.645,4.1419999999999995,,208.824,11:30AM,Partly Cloudy
24/03/17,1664.632,5.757000000000001,,223.737,12:45PM,Fine
23/03/17,1444.5420000000001,4.996,,254.028,12:45PM,Partly Cloudy
22/03/17,1005.93,3.4789999999999996,,217.641,2:15PM,Mostly Cloudy
21/03/17,1074.989,3.718,,199.28599999999997,11:15AM,Mostly Cloudy
20/03/17,965.697,3.34,,215.31099999999998,1:30PM,Mostly Cloudy
19/03/17,1564.964,5.412000000000001,,215.16099999999997,12:45PM,Fine
18/03/17,1490.683,5.156000000000001,,216.743,1:00PM,Fine
17/03/17,1541.3670000000002,5.331,,212.093,12:30PM,Fine
16/03/17,1538.0620000000001,5.319,,210.85,12:30PM,Fine
15/03/17,1418.6660000000002,4.907,,212.153,12:30PM,Partly Cloudy
14/03/17,1490.3120000000001,5.154,,209.09900000000002,1:30PM,Fine
13/03/17,1534.056,5.306,,210.873,12:45PM,Fine
12/03/17,1532.45,5.3,,212.392,1:00PM,Fine
11/03/17,1541.1879999999999,5.33,,212.97400000000002,12:00PM,Fine
10/03/17,1444.5539999999999,4.996,,219.93599999999998,12:15PM,Partly Cloudy
09/03/17,1517.2820000000002,5.247999999999999,,209.956,11:45AM,Fine
08/03/17,1506.382,5.21,,213.09099999999998,11:15AM,Fine
07/03/17,1515.851,5.242999999999999,,213.003,11:45AM,Fine
06/03/17,1576.41,5.452000000000001,,223.507,12:00PM,Fine
05/03/17,862.993,2.985,,245.304,12:30PM,Mostly Cloudy
04/03/17,1057.372,3.657,,180.503,10:15AM,Mostly Cloudy
03/03/17,1494.3729999999998,5.167999999999999,,213.67,11:45AM,Fine
02/03/17,1520.596,5.2589999999999995,,215.65400000000002,12:00PM,Fine
01/03/17,1484.366,5.1339999999999995,,211.418,12:00PM,Fine
28/02/17,1236.493,4.276,,240.196,12:00PM,Partly Cloudy
27/02/17,115.214,0.39799999999999996,,23.694000000000003,12:00PM,Showers
26/02/17,650.742,2.251,,160.667,10:45AM,Cloudy
25/02/17,1395.3239999999998,4.8260000000000005,,212.71900000000002,11:45AM,Partly Cloudy
24/02/17,1465.53,5.069,,,12:25PM,Fine
23/02/17,1375.7779999999998,4.758,,219.00900000000001,12:15PM,Partly Cloudy
22/02/17,1102.6589999999999,3.8139999999999996,,198.989,,Mostly Cloudy
21/02/17,1266.208,4.379,,2077,12:15PM,Partly Cloudy
20/02/17,1219.242,4.217,,211.15900000000002,1:15PM,Partly Cloudy
19/02/17,412.147,1.425,,87.895,10:15AM,Cloudy
18/02/17,693.91,2.4,,139.023,,Cloudy
17/02/17,434.936,1.504,,164.68200000000002,,Cloudy
16/02/17,1130.491,3.91,,203.24599999999998,10:30AM,Mostly Cloudy
15/02/17,1330.406,4.601,,200.55200000000002,12:15PM,Partly Cloudy
14/02/17,964.2189999999999,3.335,,180.78799999999998,10:15AM,Mostly Cloudy
13/02/17,1263.23,4.369,,195.63299999999998,12:00PM,Partly Cloudy
12/02/17,1306.156,4.5169999999999995,,199.36599999999999,12:00PM,Partly Cloudy
11/02/17,592.15,2.048,,149.281,2:45PM,Cloudy
10/02/17,909.9060000000001,3.147,,175.40200000000002,10:45AM,Mostly Cloudy
09/02/17,1240.65,4.291,,194.83599999999998,11:45AM,Partly Cloudy
08/02/17,991.2760000000001,3.428,,186.9,12:45PM,Mostly Cloudy
07/02/17,348.54699999999997,1.205,,98.501,2:00PM,Cloudy
06/02/17,225.643,0.78,,65.09,10:30AM,Showers
05/02/17,615.9209999999999,2.13,,172.953,11:15AM,Cloudy
04/02/17,1050.944,3.635,,211.605,12:45PM,Mostly Cloudy
03/02/17,793.309,2.7439999999999998,,183.185,1:00PM,Mostly Cloudy
02/02/17,1060.738,3.6689999999999996,,184.47400000000002,12:00PM,Mostly Cloudy
01/02/17,1224.593,4.235,,192.86900000000003,12:00PM,Partly Cloudy
31/01/17,1202.779,4.16,,191.90900000000002,11:45AM,Partly Cloudy
30/01/17,1209.942,4.185,,190.963,11:45AM,Partly Cloudy
29/01/17,1199.682,4.149,,192.428,12:00PM,Partly Cloudy
28/01/17,1230.127,4.254,,196.601,12:15PM,Partly Cloudy
27/01/17,1266.1760000000002,4.379,,204.713,12:00PM,Partly Cloudy
26/01/17,1182.039,4.088,,191.685,12:00PM,Partly Cloudy
25/01/17,1185.819,4.101,,192.43200000000002,12:00PM,Partly Cloudy
24/01/17,619.863,2.144,,195.88099999999997,11:30AM,Cloudy
23/01/17,332.629,1.15,,83.007,2:00PM,Cloudy
22/01/17,245.86599999999999,0.85,,76.207,2:45PM,Showers
21/01/17,1085.42,3.7539999999999996,,215.123,1:15PM,Mostly Cloudy
20/01/17,148.084,0.512,,55.402,12:30PM,Showers
19/01/17,428.16900000000004,1.4809999999999999,,134.79,10:45AM,Cloudy
18/01/17,987.299,3.415,,178.933,12:00PM,Mostly Cloudy
17/01/17,1103.73,3.8169999999999997,,184.482,12:00PM,Mostly Cloudy
16/01/17,897.262,3.103,,179.07299999999998,11:00AM,Mostly Cloudy
15/01/17,577.565,1.9980000000000002,,114.916,12:30PM,Cloudy
14/01/17,1065.18,3.6839999999999997,,181.676,12:00PM,Mostly Cloudy
13/01/17,411.394,1.423,,146.459,12:00PM,Cloudy
12/01/17,303.987,1.051,,104.63600000000001,11:15AM,Cloudy
11/01/17,228.56,0.79,,58.638999999999996,11:00AM,Showers
10/01/17,767.581,2.655,,185.667,11:00AM,Mostly Cloudy
09/01/17,294.556,1.0190000000000001,,83.09,2:15PM,Cloudy
08/01/17,971.5419999999999,3.36,,172.128,12:15PM,Mostly Cloudy
07/01/17,791.985,2.739,,169.954,11:45AM,Mostly Cloudy
06/01/17,1013.238,3.5039999999999996,,178.88099999999997,12:00PM,Mostly Cloudy
05/01/17,202.283,0.7,,42.585,11:00AM,Showers
04/01/17,988.423,3.418,,173.304,11:45AM,Mostly Cloudy
03/01/17,458.65,1.5859999999999999,,88.32600000000001,,Cloudy
02/01/17,437.06800000000004,1.5119999999999998,,124.40100000000001,,Cloudy
01/01/17,833.06,2.8810000000000002,,188.572,11:45AM,Mostly Cloudy
31/12/16,133.394,0.461,,46.235,2:45PM,Showers
30/12/16,185.00900000000001,0.64,,40.728,11:15AM,Showers
29/12/16,966.4119999999999,3.342,,173.915,12:00PM,Mostly Cloudy
28/12/16,940.692,3.253,,163.52100000000002,11:00AM,Mostly Cloudy
27/12/16,996.1039999999999,3.445,,172.46900000000002,11:45AM,Mostly Cloudy
26/12/16,949.803,3.285,,172.185,11:15AM,Mostly Cloudy
25/12/16,928.0939999999999,3.21,,179.44099999999997,11:45AM,Mostly Cloudy
24/12/16,574.549,1.9869999999999999,,169.12,12:15PM,Cloudy
23/12/16,250.36599999999999,0.866,,96.29799999999999,,Showers
22/12/16,229.588,0.794,,72.361,12:30PM,Showers
21/12/16,395.037,1.3659999999999999,,106.236,1:30PM,Cloudy
20/12/16,842.8430000000001,2.915,,165.26,11:45AM,Mostly Cloudy
19/12/16,1035.264,3.58,,178.1,11:45AM,Mostly Cloudy
18/12/16,1053.254,3.6430000000000002,,183.047,11:45AM,Mostly Cloudy
17/12/16,1037.063,3.5869999999999997,,179.847,11:45AM,Mostly Cloudy
16/12/16,205.94099999999997,0.7120000000000001,,74.844,11:45AM,Showers
15/12/16,516.78,1.787,,134.529,,Cloudy
14/12/16,886.6110000000001,3.0660000000000003,,169.65400000000002,11:30AM,Mostly Cloudy
13/12/16,780.1469999999999,2.698,,165.66299999999998,11:15AM,Mostly Cloudy
12/12/16,880.2310000000001,3.0439999999999996,,165.065,11:30AM,Mostly Cloudy
11/12/16,835.535,2.89,,182.09599999999998,12:00PM,Mostly Cloudy
10/12/16,715.28,2.474,,161.711,11:30AM,Mostly Cloudy
09/12/16,759.485,2.627,,137.134,10:45AM,Mostly Cloudy
08/12/16,969.796,3.3539999999999996,,166.55,11:45AM,Mostly Cloudy
07/12/16,575.028,1.989,,166.982,,Cloudy
06/12/16,687.837,2.379,,160.87,12:30PM,Cloudy
05/12/16,836.32,2.892,,157.94299999999998,10:30AM,Mostly Cloudy
04/12/16,1038.8339999999998,3.593,,176.28799999999998,11:45AM,Mostly Cloudy
03/12/16,1064.388,3.681,,179.86700000000002,11:30AM,Mostly Cloudy
02/12/16,1054.57,3.647,,180.733,11:45AM,Mostly Cloudy
01/12/16,1034.9489999999998,3.5789999999999997,,175.387,11:45AM,Mostly Cloudy
30/11/16,1086.522,3.758,,184.567,11:45AM,Mostly Cloudy
29/11/16,1083.562,3.748,,185.83700000000002,11:30AM,Mostly Cloudy
28/11/16,611.592,2.115,,192.858,12:15PM,Cloudy
27/11/16,496.522,1.7169999999999999,,160.662,11:15AM,Cloudy
26/11/16,523.198,1.8090000000000002,,139.274,1:15PM,Cloudy
25/11/16,1109.152,3.8360000000000003,,183.989,11:45AM,Partly Cloudy
24/11/16,1089.069,3.767,,182.315,11:30AM,Mostly Cloudy
23/11/16,1058.19,3.66,,181.77700000000002,11:45AM,Mostly Cloudy
22/11/16,1092.612,3.779,,180.475,11:30AM,Mostly Cloudy
21/11/16,606.589,2.0980000000000003,,168.28900000000002,,Cloudy
20/11/16,638.84,2.209,,152.531,11:15AM,Cloudy
19/11/16,674.941,2.334,,144.488,10:45AM,Cloudy
18/11/16,1069.4489999999998,3.699,,175.78799999999998,11:45AM,Mostly Cloudy
17/11/16,1053.693,3.6439999999999997,,174.886,11:30AM,Mostly Cloudy
16/11/16,967.4839999999999,3.346,,175.997,12:00PM,Mostly Cloudy
15/11/16,861.61,2.98,,163.477,10:30AM,Mostly Cloudy
14/11/16,1093.925,3.783,,177.074,11:30AM,Mostly Cloudy
13/11/16,1075.184,3.719,,173.679,11:45AM,Mostly Cloudy
12/11/16,890.987,3.082,,167.68,12:00PM,Mostly Cloudy
11/11/16,1115.517,3.858,,179.264,11:15AM,Mostly Cloudy
10/11/16,1132.712,3.918,,182.081,11:45AM,Mostly Cloudy
09/11/16,1126.058,3.895,,182.04,11:30AM,Mostly Cloudy
08/11/16,1109.45,3.8369999999999997,,178.17700000000002,11:30AM,Mostly Cloudy
07/11/16,1155.425,3.9960000000000004,,185.825,11:30AM,Mostly Cloudy
06/11/16,1168.11,4.04,,184.53099999999998,11:45AM,Partly Cloudy
05/11/16,1171.182,4.051,,185.421,12:30PM,Partly Cloudy
04/11/16,1183.481,4.093,,183.771,12:30PM,Partly Cloudy
03/11/16,1181.629,4.087,,184.66299999999998,12:45PM,Partly Cloudy
02/11/16,1248.755,4.319,,192.424,1:00PM,Partly Cloudy
01/11/16,1228.563,4.249,,198.80200000000002,12:15PM,Partly Cloudy
31/10/16,922.5010000000001,3.19,,198.22299999999998,12:45PM,Mostly Cloudy
30/10/16,680.347,2.353,,180.88299999999998,11:15AM,Cloudy
29/10/16,1040.3110000000001,3.5980000000000003,,184.62400000000002,12:15PM,Mostly Cloudy
28/10/16,848.684,2.935,,2084,12:30PM,Mostly Cloudy
27/10/16,534.212,1.848,,95.20700000000001,1:15PM,Cloudy
26/10/16,1272.567,4.401,,195.959,12:30PM,Partly Cloudy
25/10/16,1264.934,4.375,,194.08700000000002,12:45PM,Partly Cloudy
24/10/16,401.681,1.389,,90.413,10:30AM,Cloudy
23/10/16,571.618,1.9769999999999999,,118.954,9:15AM,Cloudy
22/10/16,1260.178,4.3580000000000005,,187.701,12:30PM,Partly Cloudy
21/10/16,1273.637,4.405,,1976,12:30PM,Partly Cloudy
20/10/16,1279.357,4.425,,190.99,12:30PM,Partly Cloudy
19/10/16,1282.312,4.435,,192.558,12:45PM,Partly Cloudy
18/10/16,1316.91,4.555,,196.737,12:30PM,Partly Cloudy
17/10/16,774.2489999999999,2.678,,222.018,12:30PM,Mostly Cloudy
16/10/16,1136.698,3.931,,207.65900000000002,1:15PM,Mostly Cloudy
15/10/16,1290.511,4.463,,198.567,12:30PM,Partly Cloudy
14/10/16,1255.741,4.343,,202.072,12:30PM,Partly Cloudy
13/10/16,1378.864,4.769,,201.215,12:45PM,Partly Cloudy
12/10/16,1145.576,3.9619999999999997,,203.658,12:45PM,Mostly Cloudy
11/10/16,1389.608,4.806,,205.24,12:45PM,Partly Cloudy
10/10/16,1374.391,4.753,,205.671,12:00PM,Partly Cloudy
09/10/16,1385.766,4.793,,201.044,12:45PM,Partly Cloudy
08/10/16,1436.537,4.968,,203.988,12:45PM,Partly Cloudy
07/10/16,1372.3270000000002,4.746,,218.748,1:00PM,Partly Cloudy
06/10/16,1457.217,5.04,,209.483,12:30PM,Fine
05/10/16,1253.239,4.334,,214.71400000000003,12:45PM,Partly Cloudy
04/10/16,1494.0439999999999,5.167000000000001,,208.523,1:00PM,Fine
03/10/16,1491.9879999999998,5.16,,213.38299999999998,12:45PM,Fine
02/10/16,1460.3020000000001,5.051,,217.225,12:30PM,Fine
01/10/16,1484.559,5.1339999999999995,,208.731,12:45PM,Fine
30/09/16,1459.8110000000001,5.0489999999999995,,206.07299999999998,12:45PM,Fine
29/09/16,1473.33,5.096,,210.80599999999998,12:45PM,Fine
28/09/16,1437.693,4.9719999999999995,,209.19799999999998,1:00PM,Partly Cloudy
27/09/16,1088.029,3.763,,215.045,1:30PM,Mostly Cloudy
26/09/16,1229.108,4.251,,216.958,1:30PM,Partly Cloudy
25/09/16,1573.621,5.442,,217.90599999999998,12:45PM,Fine
24/09/16,1569.9879999999998,5.43,,213.24400000000003,12:45PM,Fine
23/09/16,1600.785,5.5360000000000005,,220.74099999999999,12:15PM,Fine
22/09/16,1222.788,4.229,,231.928,11:45AM,Partly Cloudy
21/09/16,789.347,2.73,,,12:25PM,Fine
20/09/16,236.26,0.8170000000000001,,79.905,9:45AM,Showers
19/09/16,586.962,2.03,,149.111,10:15AM,Cloudy
18/09/16,1431.9370000000001,4.952,,197.528,1:15PM,Partly Cloudy
17/09/16,1463.55,5.062,,204.9,12:45PM,Fine
16/09/16,1494.4479999999999,5.169,,203.669,12:30PM,Fine
15/09/16,1537.5870000000002,5.318,,210.86700000000002,12:30PM,Fine
14/09/16,1541.48,5.331,,211.576,1:00PM,Fine
13/09/16,639.746,2.213,,108.37,4:30PM,Cloudy
12/09/16,1378.8770000000002,4.769,,211.16299999999998,12:30PM,Partly Cloudy
11/09/16,1462.54,5.058,,206.30900000000003,12:30PM,Fine
10/09/16,1525.527,5.276,,204.391,12:15PM,Fine
09/09/16,1524.9370000000001,5.274,,208.263,1:00PM,Fine
08/09/16,1420.2520000000002,4.912,,206.463,12:30PM,Partly Cloudy
07/09/16,1330.934,4.603,,206.77,12:45PM,Partly Cloudy
06/09/16,1570.467,5.432,,212.157,12:30PM,Fine
05/09/16,1557.175,5.386,,209.22099999999998,12:30PM,Fine
04/09/16,1509.1670000000001,5.22,,217.68099999999998,12:45PM,Fine
03/09/16,1383.191,4.784,,218.483,1:15PM,Partly Cloudy
02/09/16,1533.5829999999999,5.303999999999999,,214.044,1:15PM,Fine
01/09/16,1548.404,5.355,,212.035,12:45PM,Fine
31/08/16,1492.622,5.162000000000001,,218.989,11:30AM,Fine
30/08/16,1553.504,5.372999999999999,,205.02700000000002,12:45PM,Fine
29/08/16,1597.405,5.525,,210.25400000000002,12:45PM,Fine
28/08/16,1605.845,5.553999999999999,,213.247,12:30PM,Fine
27/08/16,1357.6979999999999,4.696000000000001,,214.40099999999998,12:30PM,Partly Cloudy
26/08/16,1436.1029999999998,4.967,,218.782,12:45PM,Partly Cloudy
25/08/16,1558.432,5.39,,211.8,1:00PM,Fine
24/08/16,1541.0220000000002,5.33,,209.581,12:45PM,Fine
23/08/16,1660.2910000000002,5.742000000000001,,214.24599999999998,12:30PM,Fine
22/08/16,1671.039,5.779,,217.40400000000002,12:30PM,Fine
21/08/16,1640.9129999999998,5.675,,212.516,1:15PM,Fine
20/08/16,1660.101,5.742000000000001,,218.48,1:15PM,Fine
19/08/16,1682.056,5.817,,217.472,1:00PM,Fine
18/08/16,1612.914,5.577999999999999,,215.787,11:45AM,Fine
17/08/16,1621.525,5.608,,207.188,1:15PM,Fine
16/08/16,1695.987,5.8660000000000005,,216.40599999999998,12:45PM,Fine
15/08/16,1672.558,5.785,,211.83900000000003,1:00PM,Fine
14/08/16,1679.523,5.809,,216.268,1:00PM,Fine
13/08/16,1699.785,5.879,,216.71599999999998,12:30PM,Fine
12/08/16,1692.7779999999998,5.855,,217.123,12:30PM,Fine
11/08/16,1676.2579999999998,5.797000000000001,,216.18900000000002,12:45PM,Fine
10/08/16,1706.527,5.902,,219.40900000000002,12:00PM,Fine
09/08/16,1779.293,6.154,,229.32299999999998,12:30PM,Fine
08/08/16,1586.4589999999998,5.487,,227.80900000000003,1:15PM,Fine
07/08/16,1666.3829999999998,5.763,,222.267,12:30PM,Fine
06/08/16,1747.745,6.045,,222.55,12:45PM,Fine
05/08/16,1598.354,5.528,,224.15099999999998,1:00PM,Fine
04/08/16,1721.6779999999999,5.954,,221.887,1:00PM,Fine
03/08/16,1704.55,5.895,,218.16,1:00PM,Fine
02/08/16,1696.9679999999998,5.869,,216.27700000000002,12:30PM,Fine
01/08/16,1702.74,5.888999999999999,,214.392,1:00PM,Fine
31/07/16,1691.4089999999999,5.85,,213.97,12:45PM,Fine
30/07/16,1528.142,5.285,,222.582,1:45PM,Fine
29/07/16,1689.3629999999998,5.843,,215.05200000000002,1:15PM,Fine
28/07/16,1737.51,6.0089999999999995,,219.89700000000002,12:30PM,Fine
27/07/16,1678.5929999999998,5.805,,219.363,1:00PM,Fine
26/07/16,1757.7720000000002,6.079,,221.016,12:30PM,Fine
25/07/16,1020.799,3.53,,153.183,3:45PM,Mostly Cloudy
24/07/16,1830.799,6.332000000000001,,228.62099999999998,12:45PM,Fine
23/07/16,1811.781,6.266,,229.67700000000002,12:15PM,Fine
22/07/16,1811.165,6.263999999999999,,222.894,12:30PM,Fine
21/07/16,1741.9579999999999,6.025,,216.826,1:00PM,Fine
20/07/16,1632.7020000000002,5.647,,215200000000002,1:00PM,Fine
19/07/16,1703.8929999999998,5.893,,243.0,12:45PM,Fine
18/07/16,1702.224,5.8870000000000005,,241.75,1:30PM,Fine
17/07/16,1700.2620000000002,5.88,,242.0,1:00PM,Fine
16/07/16,1702.701,5.888999999999999,,245.5,12:45PM,Fine
15/07/16,1690.3270000000002,5.846,,243.5,12:30PM,Fine
14/07/16,1617.935,5.596,,244.0,12:45PM,Fine
13/07/16,1699.511,5.877999999999999,,248.5,1:15PM,Fine
12/07/16,1778.264,6.15,,251.75,1:00PM,Fine
11/07/16,1385.257,4.791,,253.5,1:15PM,Partly Cloudy
10/07/16,,,,,5:00AM,Not Sure
09/07/16,891.887,3.085,,149.987,4:00PM,Mostly Cloudy
08/07/16,1798.014,6.218,,250.25,1:00PM,Fine
07/07/16,1750.5729999999999,6.053999999999999,,267.5,1:15PM,Fine
06/07/16,1777.1989999999998,6.146,,254.0,12:45PM,Fine
05/07/16,1813.5120000000002,6.272,,256.0,12:30PM,Fine
04/07/16,1807.761,6.252000000000001,,255.0,12:45PM,Fine
03/07/16,1808.825,6.256,,251.0,12:30PM,Fine
02/07/16,1757.204,6.077000000000001,,252.75,1:15PM,Fine
01/07/16,1687.963,5.837999999999999,,221.736,12:30PM,Fine
30/06/16,1740.201,6.019,,219.49,1:00PM,Fine
29/06/16,1785.056,6.1739999999999995,,219.571,1:15PM,Fine
28/06/16,1786.1670000000001,6.178,,216.118,1:15PM,Fine
27/06/16,1727.1789999999999,5.974,,217.94099999999997,12:45PM,Fine
26/06/16,1767.3,6.112,,,,Not Sure
25/06/16,1816.9,6.284,,,,Not Sure
24/06/16,1867.1989999999998,6.457999999999999,,,,Not Sure
23/06/16,1818.9,6.291,,,,Not Sure
22/06/16,1806.4,6.247000000000001,,,,Not Sure
21/06/16,1098.3,3.799,,,,Not Sure
20/06/16,1786.9,6.18,,,,Not Sure
19/06/16,1763.5,6.099,,,,Not Sure
18/06/16,1310.8,4.533,,,,Not Sure
17/06/16,1882.099,6.5089999999999995,,,,Not Sure
16/06/16,1882.9,6.5120000000000005,,,,Not Sure
15/06/16,1869.099,6.4639999999999995,,,,Not Sure
14/06/16,1551.4,5.3660000000000005,,,,Not Sure
13/06/16,1621.8,5.609,,,,Not Sure
12/06/16,1589.4,5.497000000000001,,,,Not Sure
11/06/16,565.7,1.956,,,,Not Sure
10/06/16,1707.1989999999998,5.904,,,,Not Sure
09/06/16,1410.6989999999998,4.879,,,,Not Sure
08/06/16,1771.0,6.125,,,,Not Sure
07/06/16,1648.5,5.7010000000000005,,,,Not Sure
06/06/16,1839.3,6.361000000000001,,,,Not Sure
05/06/16,1828.599,6.324,,,,Not Sure
04/06/16,1907.3,6.596,,,,Not Sure
03/06/16,1851.0,6.402,,,,Not Sure
02/06/16,1874.8,6.484,,,,Not Sure
01/06/16,1582.0,5.471,,,,Not Sure
31/05/16,1360.8,4.706,,,,Not Sure
30/05/16,1262.6989999999998,4.367,,,,Not Sure
29/05/16,632.7,2.188,,,,Not Sure
28/05/16,1132.4,3.9160000000000004,,,,Not Sure
27/05/16,1694.9,5.862,,,,Not Sure
26/05/16,1626.1989999999998,5.624,,,,Not Sure
25/05/16,1209.8,4.184,,,,Not Sure
24/05/16,1516.0,5.242999999999999,,,,Not Sure
23/05/16,1623.8,5.6160000000000005,,,,Not Sure
22/05/16,1835.1989999999998,6.347,,,,Not Sure
21/05/16,1511.599,5.228,,,,Not Sure
20/05/16,1871.0,6.471,,,,Not Sure
19/05/16,1656.099,5.728,,,,Not Sure
18/05/16,1795.5,6.21,,,,Not Sure
17/05/16,708.799,2.451,,,,Not Sure
16/05/16,659.5,2.281,,,,Not Sure
15/05/16,985.336,3.408,,187.437,2:00PM,Mostly Cloudy
14/05/16,368.17699999999996,1.273,,71.742,12:00PM,Cloudy
13/05/16,1875.003,6.485,,235.3,12:15PM,Fine
12/05/16,1699.7679999999998,5.879,,233.44400000000002,12:30PM,Fine
11/05/16,1652.604,5.716,,241.334,12:45PM,Fine
10/05/16,1598.3,5.528,,236.183,11:45AM,Fine
09/05/16,891.635,3.0839999999999996,,149.987,4:00PM,Mostly Cloudy
08/05/16,1147.079,3.967,,157.717,8:45AM,Mostly Cloudy
07/05/16,1322.1589999999999,4.573,,227.87900000000002,1:00PM,Partly Cloudy
06/05/16,1076.01,3.721,,248.34900000000002,2:15PM,Mostly Cloudy
05/05/16,716.459,2.478,,123.814,10:45AM,Cloudy
04/05/16,1794.865,6.207999999999999,,234.408,12:30PM,Fine
03/05/16,1856.715,6.422000000000001,,234.618,12:30PM,Fine
02/05/16,1869.7060000000001,6.466,,236.574,12:45PM,Fine
01/05/16,1497.4620000000002,5.178999999999999,,235.63099999999997,12:45PM,Fine
30/04/16,1215.954,4.205,,219.463,3:30PM,Partly Cloudy
29/04/16,1755.269,6.071000000000001,,228.18200000000002,1:00PM,Fine
28/04/16,759.204,2.6260000000000003,,145.439,4:15PM,Mostly Cloudy
27/04/16,1732.9,5.992999999999999,,,,Not Sure
26/04/16,1754.4,6.068,,,,Not Sure
25/04/16,1488.599,5.148,,,,Not Sure
24/04/16,1620.6989999999998,5.605,,,,Not Sure
23/04/16,1632.9,5.647,,,,Not Sure
22/04/16,1642.4,5.68,,,,Not Sure
21/04/16,1604.4,5.5489999999999995,,,,Not Sure
20/04/16,1538.0,5.319,,,,Not Sure
19/04/16,1504.599,5.204,,,,Not Sure
18/04/16,1553.599,5.372999999999999,,,,Not Sure
17/04/16,1610.8,5.571000000000001,,,,Not Sure
16/04/16,1674.0,5.79,,,,Not Sure
15/04/16,1648.8,5.702000000000001,,,,Not Sure
14/04/16,1679.5,5.809,,,,Not Sure
13/04/16,1548.0,5.354,,,,Not Sure
12/04/16,1690.4,5.846,,,,Not Sure
11/04/16,1278.9,4.423,,,,Not Sure
10/04/16,1047.8,3.6239999999999997,,,,Not Sure
09/04/16,688.5,2.381,,,,Not Sure
08/04/16,755.299,2.612,,,,Not Sure
07/04/16,363.0,1.255,,,,Not Sure
06/04/16,1199.3,4.148,,,,Not Sure
05/04/16,1379.6989999999998,4.772,,,,Not Sure
04/04/16,1644.6989999999998,5.688,,,,Not Sure
03/04/16,1629.6989999999998,5.636,,,,Not Sure
02/04/16,1686.9,5.834,,,,Not Sure
01/04/16,1646.3,5.694,,,,Not Sure
31/03/16,1766.1989999999998,6.108,,,,Not Sure
30/03/16,1671.0,5.779,,,,Not Sure
29/03/16,1560.1989999999998,5.396,,,,Not Sure
28/03/16,988.4,3.418,,,,Not Sure
27/03/16,1669.599,5.774,,,,Not Sure
26/03/16,1658.599,5.736000000000001,,,,Not Sure
25/03/16,1646.4,5.694,,,,Not Sure
24/03/16,1669.9,5.742000000000001,,,,Not Sure
23/03/16,1693.599,5.857,,,,Not Sure
22/03/16,1473.599,5.096,,,,Not Sure
21/03/16,1568.9,5.426,,,,Not Sure
20/03/16,1432.099,4.953,,,,Not Sure
19/03/16,1573.9,5.443,,,,Not Sure
18/03/16,1644.0,5.686,,,,Not Sure
17/03/16,1629.8,5.6370000000000005,,,,Not Sure
16/03/16,1593.8,5.5120000000000005,,,,Not Sure
15/03/16,1623.3,5.614,,,,Not Sure
14/03/16,817.0,2.826,,,,Not Sure
13/03/16,1455.6989999999998,5.035,,,,Not Sure
12/03/16,1059.5,3.6639999999999997,,,,Not Sure
11/03/16,1208.5,4.18,,,,Not Sure
10/03/16,1484.9,5.136,,,,Not Sure
09/03/16,1582.8,5.474,,,,Not Sure
08/03/16,1637.6989999999998,5.664,,,,Not Sure
07/03/16,805.4,2.786,,,,Not Sure
06/03/16,925.7,3.202,,,,Not Sure
05/03/16,1211.4,4.19,,,,Not Sure
04/03/16,1301.3,4.501,,,,Not Sure
03/03/16,1254.9,4.34,,,,Not Sure
02/03/16,1411.9,4.883,,,,Not Sure
01/03/16,1451.1989999999998,5.019,,,,Not Sure
29/02/16,1452.4,5.023,,,,Not Sure
28/02/16,1414.1989999999998,4.891,,,,Not Sure
27/02/16,1477.5,5.11,,,,Not Sure
26/02/16,1385.9,4.793,,,,Not Sure
25/02/16,1475.599,5.103,,,,Not Sure
24/02/16,1472.5,5.093,,,,Not Sure
23/02/16,1364.5,4.718999999999999,,,,Not Sure
22/02/16,1465.599,5.069,,,,Not Sure
21/02/16,1453.6989999999998,5.0280000000000005,,,,Not Sure
20/02/16,1445.1989999999998,4.998,,,,Not Sure
19/02/16,1425.4,4.93,,,,Not Sure
18/02/16,839.5,2.903,,,,Not Sure
17/02/16,1307.599,4.522,,,,Not Sure
16/02/16,1370.5,4.74,,,,Not Sure
15/02/16,1330.1989999999998,4.601,,,,Not Sure
14/02/16,1348.6989999999998,4.665,,,,Not Sure
13/02/16,1330.3,4.601,,,,Not Sure
12/02/16,1339.099,4.631,,,,Not Sure
11/02/16,1331.4,4.605,,,,Not Sure
10/02/16,1268.599,4.387,,,,Not Sure
09/02/16,1317.3,4.556,,,,Not Sure
08/02/16,1304.0,4.51,,,,Not Sure
07/02/16,1326.599,4.588,,,,Not Sure
06/02/16,1302.099,4.503,,,,Not Sure
05/02/16,1298.9,4.492,,,,Not Sure
04/02/16,1309.0,4.527,,,,Not Sure
03/02/16,1294.8,4.478,,,,Not Sure
02/02/16,1312.0,4.538,,,,Not Sure
01/02/16,1219.1989999999998,4.217,,,,Not Sure
31/01/16,245.3,0.848,,,,Not Sure
30/01/16,826.5989999999999,2.859,,,,Not Sure
29/01/16,1146.599,3.966,,,,Not Sure
28/01/16,1197.099,4.14,,,,Not Sure
27/01/16,841.7,2.911,,,,Not Sure
26/01/16,1221.6989999999998,4.225,,,,Not Sure
25/01/16,1182.8,4.091,,,,Not Sure
24/01/16,1167.5,4.038,,,,Not Sure
23/01/16,724.5989999999999,2.506,,,,Not Sure
22/01/16,855.7,2.9589999999999996,,,,Not Sure
21/01/16,1042.1989999999998,3.6039999999999996,,,,Not Sure
20/01/16,1110.1989999999998,3.84,,,,Not Sure
19/01/16,870.0,3.009,,,,Not Sure
18/01/16,718.7,2.4859999999999998,,,,Not Sure
17/01/16,1061.6989999999998,3.6719999999999997,,,,Not Sure
16/01/16,924.0989999999999,3.196,,,,Not Sure
15/01/16,223.199,0.772,,,,Not Sure
14/01/16,1094.0,3.784,,,,Not Sure
13/01/16,829.0,2.867,,,,Not Sure
12/01/16,1136.8,3.932,,,,Not Sure
11/01/16,827.0,2.86,,,,Not Sure
10/01/16,474.7,1.642,,,,Not Sure
09/01/16,871.0,3.012,,,,Not Sure
08/01/16,1135.6989999999998,3.928,,,,Not Sure
07/01/16,473.2,1.6369999999999998,,,,Not Sure
06/01/16,345.79900000000004,1.196,,,,Not Sure
05/01/16,135.8,0.47,,,,Not Sure
04/01/16,530.799,1.8359999999999999,,,,Not Sure
03/01/16,748.5,2.589,,,,Not Sure
02/01/16,958.0,3.313,,,,Not Sure
01/01/16,1075.0,3.718,,,,Not Sure
31/12/15,1061.8,3.6719999999999997,,,,Not Sure
30/12/15,1072.9,3.7110000000000003,,,,Not Sure
29/12/15,1072.0,3.708,,,,Not Sure
28/12/15,708.0,2.449,,,,Not Sure
27/12/15,1034.4,3.5780000000000003,,,,Not Sure
26/12/15,1111.0,3.839,,,,Not Sure
25/12/15,1085.9,3.7560000000000002,,,,Not Sure
24/12/15,792.0,2.739,,,,Not Sure
23/12/15,533.799,1.8459999999999999,,,,Not Sure
22/12/15,153.0,0.529,,,,Not Sure
21/12/15,981.0,3.3930000000000002,,,,Not Sure
20/12/15,819.7,2.835,,,,Not Sure
19/12/15,765.5,2.648,,,,Not Sure
18/12/15,1033.099,3.573,,,,Not Sure
17/12/15,1036.9,3.5860000000000003,,,,Not Sure
16/12/15,1054.3,3.6460000000000004,,,,Not Sure
15/12/15,1068.1989999999998,3.694,,,,Not Sure
14/12/15,897.5989999999999,3.1039999999999996,,,,Not Sure
13/12/15,1031.4,3.5669999999999997,,,,Not Sure
12/12/15,1066.8,3.69,,,,Not Sure
11/12/15,453.5,1.568,,,,Not Sure
10/12/15,926.0,3.2030000000000003,,,,Not Sure
09/12/15,887.5,3.069,,,,Not Sure
08/12/15,1014.5,3.509,,,,Not Sure
07/12/15,1005.0989999999999,3.4760000000000004,,,,Not Sure
06/12/15,933.7,3.2289999999999996,,,,Not Sure
05/12/15,1059.6989999999998,3.665,,,,Not Sure
04/12/15,847.799,2.932,,,,Not Sure
03/12/15,955.7,3.305,,,,Not Sure
02/12/15,1086.099,3.7560000000000002,,,,Not Sure
01/12/15,1094.4,3.785,,,,Not Sure
30/11/15,989.2,3.4210000000000003,,,,Not Sure
29/11/15,1104.8,3.821,,,,Not Sure
28/11/15,1088.5,3.765,,,,Not Sure
27/11/15,612.5,2.1180000000000003,,,,Not Sure
26/11/15,705.7,2.441,,,,Not Sure
25/11/15,994.5,3.44,,,,Not Sure
24/11/15,1048.3,3.6260000000000003,,,,Not Sure
23/11/15,1102.0,3.8110000000000004,,,,Not Sure
22/11/15,1099.5,3.803,,,,Not Sure
21/11/15,1110.8,3.842,,,,Not Sure
20/11/15,1115.3,3.8569999999999998,,,,Not Sure
19/11/15,1149.1989999999998,3.975,,,,Not Sure
18/11/15,1166.3,4.034,,,,Not Sure
17/11/15,1195.5,4.135,,,,Not Sure
16/11/15,1221.3,4.224,,,,Not Sure
15/11/15,646.299,2.235,,,,Not Sure
14/11/15,1219.4,4.217,,,,Not Sure
13/11/15,1233.9,4.2669999999999995,,,,Not Sure
12/11/15,1276.0,4.413,,,,Not Sure
11/11/15,1276.0,4.413,,,,Not Sure
10/11/15,1155.0,3.995,,,,Not Sure
09/11/15,912.4,3.156,,,,Not Sure
08/11/15,1255.3,4.341,,,,Not Sure
07/11/15,1283.5,4.439,,,,Not Sure
06/11/15,1290.4,4.463,,,,Not Sure
05/11/15,1298.5,4.4910000000000005,,,,Not Sure
04/11/15,883.9,3.057,,,,Not Sure
03/11/15,986.799,3.4130000000000003,,,,Not Sure
02/11/15,1131.6989999999998,3.9139999999999997,,,,Not Sure
01/11/15,1264.0,4.372,,,,Not Sure
31/10/15,1272.5,4.401,,,,Not Sure
30/10/15,1310.0,4.531000000000001,,,,Not Sure
29/10/15,1111.8,3.845,,,,Not Sure
28/10/15,653.299,2.259,,,,Not Sure
27/10/15,1049.9,3.597,,,,Not Sure
26/10/15,1311.1989999999998,4.535,,,,Not Sure
25/10/15,714.5989999999999,2.471,,,,Not Sure
24/10/15,1290.0,4.462,,,,Not Sure
23/10/15,1243.599,4.301,,,,Not Sure
22/10/15,1321.5,4.57,,,,Not Sure
21/10/15,1324.099,4.579,,,,Not Sure
20/10/15,1223.1989999999998,4.23,,,,Not Sure
19/10/15,809.89999999999,2.767,,,,Not Sure
18/10/15,606.799,2.099,,,,Not Sure
17/10/15,796.0,2.753,,,,Not Sure
16/10/15,406.899,1.4069999999999998,,,,Not Sure
15/10/15,916.0989999999999,3.168,,,,Not Sure
14/10/15,1288.599,4.457,,,,Not Sure
13/10/15,1359.5,4.702,,,,Not Sure
12/10/15,599.4,2.073,,,,Not Sure
11/10/15,1305.099,4.513999999999999,,,,Not Sure
10/10/15,1372.099,4.745,,,,Not Sure
09/10/15,1442.6989999999998,4.99,,,,Not Sure
08/10/15,1435.8,4.966,,,,Not Sure
07/10/15,1497.6989999999998,5.18,,,,Not Sure
06/10/15,1457.3,5.04,,,,Not Sure
05/10/15,536.7,1.8559999999999999,,,,Not Sure
04/10/15,537.799,1.86,,,,Not Sure
03/10/15,1501.4,5.193,,,,Not Sure
02/10/15,1531.6989999999998,5.297000000000001,,,,Not Sure
01/10/15,1465.5,5.0680000000000005,,,,Not Sure
30/09/15,1564.0,5.409,,,,Not Sure
29/09/15,1581.599,5.47,,,,Not Sure
28/09/15,1517.8,5.249,,,,Not Sure
27/09/15,1541.5,5.331,,,,Not Sure
26/09/15,1533.9,5.305,,,,Not Sure
25/09/15,1513.4,5.234,,,,Not Sure
24/09/15,1525.9,5.277,,,,Not Sure
23/09/15,1569.8,5.428999999999999,,,,Not Sure
22/09/15,1410.3,4.878,,,,Not Sure
21/09/15,710.2,2.456,,,,Not Sure
20/09/15,1538.3,5.32,,,,Not Sure
19/09/15,1600.5,5.535,,,,Not Sure
18/09/15,1661.6989999999998,5.747000000000001,,,,Not Sure
17/09/15,1560.5,5.397,,,,Not Sure
16/09/15,1480.9,5.122000000000001,,,,Not Sure
15/09/15,498.29900000000004,1.723,,,,Not Sure
14/09/15,884.0,3.057,,,,Not Sure
13/09/15,1612.0,5.575,,,,Not Sure
12/09/15,1077.5,3.727,,,,Not Sure
11/09/15,1280.5,4.428999999999999,,,,Not Sure
10/09/15,801.4,2.772,,,,Not Sure
09/09/15,1218.1989999999998,4.213,,,,Not Sure
08/09/15,1484.599,5.135,,,,Not Sure
07/09/15,1595.5,5.518,,,,Not Sure
06/09/15,1605.9,5.553999999999999,,,,Not Sure
05/09/15,1739.5,6.016,,,,Not Sure
04/09/15,1706.099,5.901,,,,Not Sure
03/09/15,1683.099,5.821000000000001,,,,Not Sure
02/09/15,1701.9,5.886,,,,Not Sure
01/09/15,1414.0,4.89,,,,Not Sure
31/08/15,1642.0,5.678999999999999,,,,Not Sure
30/08/15,1711.3,5.919,,,,Not Sure
29/08/15,1710.9,5.917000000000001,,,,Not Sure
28/08/15,1702.3,5.8870000000000005,,,,Not Sure
27/08/15,1702.9,5.89,,,,Not Sure
26/08/15,1686.4,5.832000000000001,,,,Not Sure
25/08/15,492.79900000000004,1.704,,,,Not Sure
24/08/15,1704.3,5.894,,,,Not Sure
23/08/15,1551.1989999999998,5.365,,,,Not Sure
22/08/15,1683.0,5.821000000000001,,,,Not Sure
21/08/15,1661.1989999999998,5.745,,,,Not Sure
20/08/15,1697.5,5.871,,,,Not Sure
19/08/15,1717.599,5.94,,,,Not Sure
18/08/15,1625.599,5.622000000000001,,,,Not Sure
17/08/15,1715.8,5.934,,,,Not Sure
16/08/15,1708.099,5.9079999999999995,,,,Not Sure
15/08/15,1710.8,5.917000000000001,,,,Not Sure
14/08/15,1722.4,5.957000000000001,,,,Not Sure
13/08/15,1673.3,5.787000000000001,,,,Not Sure
12/08/15,1775.3,6.14,,,,Not Sure
11/08/15,1662.4,5.749,,,,Not Sure
10/08/15,1624.5,5.617999999999999,,,,Not Sure
09/08/15,1443.9,4.994,,,,Not Sure
08/08/15,1862.3,6.441,,,,Not Sure
07/08/15,1767.599,6.1129999999999995,,,,Not Sure
06/08/15,1408.1989999999998,4.87,,,,Not Sure
05/08/15,1830.599,6.331,,,,Not Sure
04/08/15,1836.1989999999998,6.351,,,,Not Sure
03/08/15,1749.5,6.051,,,,Not Sure
02/08/15,1830.5,6.331,,,,Not Sure
01/08/15,1549.599,5.359,,,,Not Sure
31/07/15,1685.099,5.827999999999999,,,,Not Sure
30/07/15,1722.8,5.957999999999999,,,,Not Sure
29/07/15,1716.8,5.938,,,,Not Sure
28/07/15,1907.099,6.596,,,,Not Sure
27/07/15,1922.1989999999998,6.648,,,,Not Sure
26/07/15,1910.5,6.608,,,,Not Sure
25/07/15,1882.099,6.5089999999999995,,,,Not Sure
24/07/15,1904.1989999999998,6.586,,,,Not Sure
23/07/15,1862.4,6.441,,,,Not Sure
22/07/15,1860.3,6.434,,,,Not Sure
21/07/15,1171.6989999999998,4.052,,,,Not Sure
20/07/15,1802.8,6.235,,,,Not Sure
19/07/15,1108.1989999999998,3.833,,,,Not Sure
18/07/15,340.2,1.177,,,,Not Sure
17/07/15,1838.9,6.36,,,,Not Sure
16/07/15,1870.9,6.471,,,,Not Sure
15/07/15,1867.6989999999998,6.459,,,,Not Sure
14/07/15,1909.099,6.603,,,,Not Sure
13/07/15,1934.0,6.689,,,,Not Sure
12/07/15,1918.0,6.632999999999999,,,,Not Sure
11/07/15,1820.,6.295,,,,Not Sure
10/07/15,1455.099,5.033,,,,Not Sure
09/07/15,1693.599,5.857,,,,Not Sure
08/07/15,1754.1989999999998,6.067,,,,Not Sure
07/07/15,1528.599,5.287000000000001,,,,Not Sure
06/07/15,1521.1989999999998,5.261,,,,Not Sure
05/07/15,1510.3,5.223,,,,Not Sure
04/07/15,1674.0,5.79,,,,Not Sure
03/07/15,1663.9,5.755,,,,Not Sure
02/07/15,1489.9,5.153,,,,Not Sure
01/07/15,928.2,3.21,,,,Not Sure
30/06/15,1089.6989999999998,3.7689999999999997,,,,Not Sure
29/06/15,1074.3,3.716,,,,Not Sure
28/06/15,1112.4,3.847,,,,Not Sure
27/06/15,733.7,2.5380000000000003,,,,Not Sure
26/06/15,1439.9,4.98,,,,Not Sure
25/06/15,1810.3,6.261,,,,Not Sure
24/06/15,1904.3,6.586,,,,Not Sure
23/06/15,1873.9,6.481,,,,Not Sure
22/06/15,1853.5,6.41,,,,Not Sure
21/06/15,1839.9,6.329,,,,Not Sure
20/06/15,1894.5,6.5520000000000005,,,,Not Sure
19/06/15,1935.9,6.695,,,,Not Sure
18/06/15,1906.1989999999998,6.593,,,,Not Sure
17/06/15,1901.3,6.5760000000000005,,,,Not Sure
16/06/15,1918.0,6.632999999999999,,,,Not Sure
15/06/15,1912.4,6.614,,,,Not Sure
14/06/15,1795.0,6.207999999999999,,,,Not Sure
13/06/15,1346.4,4.657,,,,Not Sure
12/06/15,1110.0,3.839,,,,Not Sure
11/06/15,1306.099,4.5169999999999995,,,,Not Sure
10/06/15,1753.5,6.065,,,,Not Sure
09/06/15,844.5989999999999,2.9210000000000003,,,,Not Sure
08/06/15,1881.3,6.507000000000001,,,,Not Sure
07/06/15,1919.6989999999998,6.638999999999999,,,,Not Sure
06/06/15,1940.6989999999998,6.712000000000001,,,,Not Sure
05/06/15,1936.3,6.697,,,,Not Sure
04/06/15,1671.3,5.78,,,,Not Sure
03/06/15,1905.3,6.59,,,,Not Sure
02/06/15,1985.5,6.867000000000001,,,,Not Sure
01/06/15,1865.599,6.452000000000001,,,,Not Sure
31/05/15,1713.1989999999998,5.925,,,,Not Sure
30/05/15,1823.4,6.306,,,,Not Sure
29/05/15,1801.5,6.231,,,,Not Sure
28/05/15,1582.4,5.473,,,,Not Sure
27/05/15,1423.6989999999998,4.9239999999999995,,,,Not Sure
26/05/15,986.799,3.4130000000000003,,,,Not Sure
25/05/15,695.9,2.407,,,,Not Sure
24/05/15,915.5989999999999,3.167,,,,Not Sure
23/05/15,739.299,2.557,,,,Not Sure
22/05/15,1260.6989999999998,4.36,,,,Not Sure
21/05/15,972.7,3.364,,,,Not Sure
20/05/15,1779.5,6.154,,,,Not Sure
19/05/15,1778.4,6.151,,,,Not Sure
18/05/15,1445.599,5.0,,,,Not Sure
17/05/15,1908.099,6.599,,,,Not Sure
16/05/15,1277.5,4.418,,,,Not Sure
15/05/15,905.0,3.13,,,,Not Sure
14/05/15,1020.9,3.531,,,,Not Sure
13/05/15,1772.8,6.131,,,,Not Sure
12/05/15,1859.9,6.399,,,,Not Sure
11/05/15,1745.8,6.037999999999999,,,,Not Sure
10/05/15,1949.5,6.742000000000001,,,,Not Sure
09/05/15,1014.9,3.51,,,,Not Sure
08/05/15,560.0,1.9369999999999998,,,,Not Sure
07/05/15,1088.599,3.765,,,,Not Sure
06/05/15,836.0,2.891,,,,Not Sure
05/05/15,1390.4,4.809,,,,Not Sure
04/05/15,1398.599,4.837,,,,Not Sure
03/05/15,1739.1989999999998,6.015,,,,Not Sure
02/05/15,1543.099,5.337000000000001,,,,Not Sure
01/05/15,1787.1989999999998,6.181,,,,Not Sure
30/04/15,1879.0,6.499,,,,Not Sure
29/04/15,1865.4,6.452000000000001,,,,Not Sure
28/04/15,1885.099,6.52,,,,Not Sure
27/04/15,1921.0,6.644,,,,Not Sure
26/04/15,1689.4,5.843,,,,Not Sure
25/04/15,693.7,2.399,,,,Not Sure
24/04/15,418.1,1.446,,,,Not Sure
23/04/15,595.299,2.059,,,,Not Sure
22/04/15,872.0,3.016,,,,Not Sure
21/04/15,1134.9,3.925,,,,Not Sure
20/04/15,1761.5,6.0920000000000005,,,,Not Sure
19/04/15,1808.9,6.256,,,,Not Sure
18/04/15,1831.599,6.335,,,,Not Sure
17/04/15,1843.4,6.375,,,,Not Sure
16/04/15,1844.1989999999998,6.377999999999999,,,,Not Sure
15/04/15,1797.6989999999998,6.2170000000000005,,,,Not Sure
14/04/15,1750.3,6.053,,,,Not Sure
13/04/15,1778.3,6.15,,,,Not Sure
12/04/15,1787.1989999999998,6.181,,,,Not Sure
11/04/15,1792.9,6.2010000000000005,,,,Not Sure
10/04/15,1745.0,6.035,,,,Not Sure
09/04/15,1830.599,6.331,,,,Not Sure
08/04/15,1768.099,6.115,,,,Not Sure
07/04/15,1597.6989999999998,5.526,,,,Not Sure
06/04/15,1636.4,5.66,,,,Not Sure
05/04/15,1770.599,6.124,,,,Not Sure
04/04/15,1593.0,5.5089999999999995,,,,Not Sure
03/04/15,1699.1989999999998,5.877000000000001,,,,Not Sure
02/04/15,1611.3,5.5729999999999995,,,,Not Sure
01/04/15,1679.4,5.808,,,,Not Sure
31/03/15,1619.1989999999998,5.6,,,,Not Sure
30/03/15,1735.8,6.002999999999999,,,,Not Sure
29/03/15,1608.099,5.562,,,,Not Sure
28/03/15,1710.599,5.916,,,,Not Sure
27/03/15,1675.0,5.792999999999999,,,,Not Sure
26/03/15,1680.6989999999998,5.813,,,,Not Sure
25/03/15,1657.099,5.731,,,,Not Sure
24/03/15,1699.099,5.876,,,,Not Sure
23/03/15,1690.9,5.848,,,,Not Sure
22/03/15,1535.1989999999998,5.31,,,,Not Sure
21/03/15,1626.4,5.625,,,,Not Sure
20/03/15,1620.8,5.606,,,,Not Sure
19/03/15,1286.4,4.449,,,,Not Sure
18/03/15,1322.3,4.573,,,,Not Sure
17/03/15,1400.0,4.842,,,,Not Sure
16/03/15,1527.3,5.282,,,,Not Sure
15/03/15,1466.3,5.071000000000001,,,,Not Sure
14/03/15,1585.099,5.482,,,,Not Sure
13/03/15,1612.4,5.577000000000001,,,,Not Sure
12/03/15,1593.6989999999998,5.5120000000000005,,,,Not Sure
11/03/15,916.9,3.1710000000000003,,,,Not Sure
10/03/15,1451.099,5.019,,,,Not Sure
09/03/15,1571.6989999999998,5.436,,,,Not Sure
08/03/15,1607.0,5.558,,,,Not Sure
07/03/15,1574.8,5.446000000000001,,,,Not Sure
06/03/15,1629.8,5.6370000000000005,,,,Not Sure
05/03/15,1607.8,5.561,,,,Not Sure
04/03/15,1588.5,5.494,,,,Not Sure
03/03/15,1445.9,5.001,,,,Not Sure
02/03/15,803.5989999999999,2.779,,,,Not Sure
01/03/15,256.29900000000004,0.8859999999999999,,,,Not Sure
28/02/15,855.799,2.96,,,,Not Sure
27/02/15,911.5,3.1519999999999997,,,,Not Sure
26/02/15,1416.3,4.898,,,,Not Sure
25/02/15,1516.3,5.244,,,,Not Sure
24/02/15,1541.3,5.331,,,,Not Sure
23/02/15,1154.5,3.9930000000000003,,,,Not Sure
22/02/15,526.7,1.8219999999999998,,,,Not Sure
21/02/15,919.0,3.178,,,,Not Sure
20/02/15,866.799,2.998,,,,Not Sure
19/02/15,1131.3,3.9130000000000003,,,,Not Sure
18/02/15,1176.599,4.069,,,,Not Sure
17/02/15,1322.599,4.574,,,,Not Sure
16/02/15,1357.3,4.694,,,,Not Sure
15/02/15,1348.4,4.663,,,,Not Sure
14/02/15,1319.4,4.563,,,,Not Sure
13/02/15,1293.599,4.474,,,,Not Sure
12/02/15,,,,,,Not Sure
11/02/15,,,,,,Not Sure
10/02/15,,,,,,Not Sure
09/02/15,,,,,,Not Sure
08/02/15,,,,,,Not Sure
07/02/15,,,,,,Not Sure
06/02/15,,,,,,Not Sure
05/02/15,,,,,,Not Sure
04/02/15,,,,,,Not Sure
03/02/15,,,,,,Not Sure
02/02/15,,,,,,Not Sure
01/02/15,,,,,,Not Sure
31/01/15,,,,,,Not Sure
30/01/15,,,,,,Not Sure
29/01/15,387.399,1.34,,,,Not Sure
28/01/15,809.2,2.799,,,,Not Sure
27/01/15,1175.3,4.065,,,,Not Sure
26/01/15,237.699,0.8220000000000001,,,,Not Sure
25/01/15,806.2,2.7880000000000003,,,,Not Sure
24/01/15,1179.6989999999998,4.08,,,,Not Sure
23/01/15,1142.3,3.951,,,,Not Sure
22/01/15,1030.6989999999998,3.565,,,,Not Sure
21/01/15,1031.9,3.569,,,,Not Sure
20/01/15,960.5989999999999,3.322,,,,Not Sure
19/01/15,1112.099,3.846,,,,Not Sure
18/01/15,1047.0,3.6210000000000004,,,,Not Sure
17/01/15,1133.8,3.9210000000000003,,,,Not Sure
16/01/15,1125.9,3.8939999999999997,,,,Not Sure
15/01/15,1132.099,3.915,,,,Not Sure
14/01/15,1126.8,3.897,,,,Not Sure
13/01/15,907.2,3.138,,,,Not Sure
12/01/15,878.299,3.0380000000000003,,,,Not Sure
11/01/15,237.3,0.821,,,,Not Sure
10/01/15,929.299,3.214,,,,Not Sure
09/01/15,522.0,1.805,,,,Not Sure
08/01/15,741.0989999999999,2.563,,,,Not Sure
07/01/15,845.5989999999999,2.925,,,,Not Sure
06/01/15,1085.1989999999998,3.753,,,,Not Sure
05/01/15,1073.1989999999998,3.7119999999999997,,,,Not Sure
04/01/15,1061.6989999999998,3.6719999999999997,,,,Not Sure
03/01/15,1053.1989999999998,3.6430000000000002,,,,Not Sure
02/01/15,1077.9,3.728,,,,Not Sure
01/01/15,1080.3,3.736,,,,Not Sure
31/12/14,481.1,1.6640000000000001,,,,Not Sure
30/12/14,388.7,1.344,,,,Not Sure
29/12/14,1073.099,3.7110000000000003,,,,Not Sure
28/12/14,913.9,3.161,,,,Not Sure
27/12/14,1072.1989999999998,3.708,,,,Not Sure
26/12/14,1072.8,3.71,,,,Not Sure
25/12/14,659.299,2.28,,,,Not Sure
24/12/14,898.9,3.109,,,,Not Sure
23/12/14,1030.3,3.563,,,,Not Sure
22/12/14,1028.3,3.556,,,,Not Sure
21/12/14,846.0989999999999,2.926,,,,Not Sure
20/12/14,712.5,2.464,,,,Not Sure
19/12/14,980.4,3.391,,,,Not Sure
18/12/14,523.7,1.811,,,,Not Sure
17/12/14,778.0989999999999,2.6910000000000003,,,,Not Sure
16/12/14,241.899,0.8370000000000001,,,,Not Sure
15/12/14,684.5989999999999,2.3680000000000003,,,,Not Sure
14/12/14,1038.8,3.593,,,,Not Sure
13/12/14,993.9,3.437,,,,Not Sure
12/12/14,200.1,0.6920000000000001,,,,Not Sure
11/12/14,796.299,2.7539999999999996,,,,Not Sure
10/12/14,912.5,3.156,,,,Not Sure
09/12/14,1032.0,3.569,,,,Not Sure
08/12/14,904.0,3.127,,,,Not Sure
07/12/14,951.299,3.29,,,,Not Sure
06/12/14,962.5989999999999,3.3289999999999997,,,,Not Sure
05/12/14,660.0,2.283,,,,Not Sure
04/12/14,792.0,2.739,,,,Not Sure
03/12/14,168.5,0.583,,,,Not Sure
02/12/14,138.5,0.479,,,,Not Sure
01/12/14,623.799,2.157,,,,Not Sure
30/11/14,939.0989999999999,3.248,,,,Not Sure
29/11/14,1078.9,3.7310000000000003,,,,Not Sure
28/11/14,1094.0,3.784,,,,Not Sure
27/11/14,1101.8,3.8110000000000004,,,,Not Sure
26/11/14,1100.6989999999998,3.807,,,,Not Sure
25/11/14,1157.3,4.003,,,,Not Sure
24/11/14,1133.1989999999998,3.9189999999999996,,,,Not Sure
23/11/14,1015.5,3.512,,,,Not Sure
22/11/14,1125.8,3.8939999999999997,,,,Not Sure
21/11/14,911.7,3.153,,,,Not Sure
20/11/14,1076.6989999999998,3.7239999999999998,,,,Not Sure
19/11/14,1095.0,3.787,,,,Not Sure
18/11/14,1002.799,3.468,,,,Not Sure
17/11/14,1128.0,3.9010000000000002,,,,Not Sure
16/11/14,1110.5,3.841,,,,Not Sure
15/11/14,1046.099,3.6180000000000003,,,,Not Sure
14/11/14,845.799,2.925,,,,Not Sure
13/11/14,945.2,3.2689999999999997,,,,Not Sure
12/11/14,792.5,2.741,,,,Not Sure
11/11/14,407.899,1.411,,,,Not Sure
10/11/14,1131.6989999999998,3.9139999999999997,,,,Not Sure
09/11/14,1224.4,4.235,,,,Not Sure
08/11/14,1240.3,4.29,,,,Not Sure
07/11/14,1255.8,4.343,,,,Not Sure
06/11/14,1272.599,4.401,,,,Not Sure
05/11/14,1329.9,4.566,,,,Not Sure
04/11/14,1336.1989999999998,4.621,,,,Not Sure
03/11/14,1333.0,4.61,,,,Not Sure
02/11/14,1213.5,4.197,,,,Not Sure
01/11/14,815.299,2.82,,,,Not Sure
31/10/14,427.6,1.479,,,,Not Sure
30/10/14,1060.6989999999998,3.668,,,,Not Sure
29/10/14,1238.3,4.283,,,,Not Sure
28/10/14,1239.3,4.2860000000000005,,,,Not Sure
27/10/14,1265.1989999999998,4.376,,,,Not Sure
26/10/14,756.5989999999999,2.617,,,,Not Sure
25/10/14,1234.5,4.27,,,,Not Sure
24/10/14,1257.3,4.348,,,,Not Sure
23/10/14,1256.1989999999998,4.345,,,,Not Sure
22/10/14,1303.6989999999998,4.5089999999999995,,,,Not Sure
21/10/14,1270.5,4.394,,,,Not Sure
20/10/14,1125.3,3.892,,,,Not Sure
19/10/14,1290.3,4.463,,,,Not Sure
18/10/14,1212.099,4.192,,,,Not Sure
17/10/14,1111.8,3.845,,,,Not Sure
16/10/14,1200.5,4.152,,,,Not Sure
15/10/14,916.7,3.17,,,,Not Sure
14/10/14,1282.3,4.435,,,,Not Sure
13/10/14,1335.599,4.619,,,,Not Sure
12/10/14,1190.6989999999998,4.118,,,,Not Sure
11/10/14,1364.3,4.718,,,,Not Sure
10/10/14,1351.0,4.672,,,,Not Sure
09/10/14,1379.9,4.772,,,,Not Sure
08/10/14,1128.4,3.903,,,,Not Sure
07/10/14,680.299,2.353,,,,Not Sure
06/10/14,1158.1989999999998,4.006,,,,Not Sure
05/10/14,1431.0,4.949,,,,Not Sure
04/10/14,1464.9,5.066,,,,Not Sure
03/10/14,1476.5,5.107,,,,Not Sure
02/10/14,1461.099,5.053,,,,Not Sure
01/10/14,1471.4,5.0889999999999995,,,,Not Sure
30/09/14,1495.0,5.171,,,,Not Sure
29/09/14,1515.8,5.242000000000001,,,,Not Sure
28/09/14,1309.9,4.496,,,,Not Sure
27/09/14,1443.0,4.9910000000000005,,,,Not Sure
26/09/14,1497.9,5.181,,,,Not Sure
25/09/14,1494.3,5.167999999999999,,,,Not Sure
24/09/14,1518.0,5.25,,,,Not Sure
23/09/14,1567.599,5.422000000000001,,,,Not Sure
22/09/14,1480.5,5.12,,,,Not Sure
21/09/14,1531.8,5.297999999999999,,,,Not Sure
20/09/14,1342.9,4.644,,,,Not Sure
19/09/14,1382.3,4.781000000000001,,,,Not Sure
18/09/14,1583.599,5.477,,,,Not Sure
17/09/14,1538.099,5.32,,,,Not Sure
16/09/14,1161.099,4.016,,,,Not Sure
15/09/14,1547.31,5.351,,,,Not Sure
14/09/14,1327.14,4.59,,,,Not Sure
13/09/14,1586.04,5.485,,,,Not Sure
12/09/14,1616.349,5.59,,,,Not Sure
11/09/14,1625.579,5.622000000000001,,,,Not Sure
10/09/14,1621.859,5.609,,,,Not Sure
09/09/14,1597.069,5.524,,,,Not Sure
08/09/14,1626.849,5.627000000000001,,,,Not Sure
07/09/14,1364.88,4.72,,,,Not Sure
06/09/14,1639.02,5.669,,,,Not Sure
05/09/14,1711.849,5.92,,,,Not Sure
04/09/14,1596.9,5.523,,,,Not Sure
03/09/14,1709.099,5.9110000000000005,,,,Not Sure
02/09/14,1740.25,6.019,,,,Not Sure
01/09/14,1760.93,6.09,,,,Not Sure
31/08/14,1757.819,6.079,,,,Not Sure
30/08/14,1735.39,6.002000000000001,,,,Not Sure
29/08/14,1778.52,6.151,,,,Not Sure
28/08/14,1776.77,6.145,,,,Not Sure
27/08/14,1756.4489999999998,6.075,,,,Not Sure
26/08/14,1777.55,6.148,,,,Not Sure
25/08/14,1696.6889999999999,5.867999999999999,,,,Not Sure
24/08/14,1739.28,6.015,,,,Not Sure
23/08/14,1861.859,6.439,,,,Not Sure
22/08/14,1820.579,6.297000000000001,,,,Not Sure
21/08/14,1628.9389999999999,5.6339999999999995,,,,Not Sure
20/08/14,1402.92,4.852,,,,Not Sure
19/08/14,1792.859,6.2010000000000005,,,,Not Sure
18/08/14,1791.839,6.197,,,,Not Sure
17/08/14,1809.18,6.257000000000001,,,,Not Sure
16/08/14,1835.04,6.347,,,,Not Sure
15/08/14,1805.819,6.245,,,,Not Sure
14/08/14,1866.599,6.456,,,,Not Sure
13/08/14,1731.18,5.987,,,,Not Sure
12/08/14,1796.28,6.212000000000001,,,,Not Sure
11/08/14,1562.099,5.403,,,,Not Sure
10/08/14,1859.819,6.432,,,,Not Sure
09/08/14,1902.66,6.58,,,,Not Sure
08/08/14,1641.3,5.676,,,,Not Sure
07/08/14,1840.38,6.365,,,,Not Sure
06/08/14,1959.0,6.775,,,,Not Sure
05/08/14,1962.479,6.787000000000001,,,,Not Sure
04/08/14,1821.06,6.297999999999999,,,,Not Sure
03/08/14,1060.979,3.6689999999999996,,,,Not Sure
02/08/14,398.88,1.38,,,,Not Sure
01/08/14,1791.0,6.194,,,,Not Sure
31/07/14,1750.14,6.053,,,,Not Sure
30/07/14,1792.5,6.199,,,,Not Sure
29/07/14,1797.9589999999998,6.218,,,,Not Sure
28/07/14,1848.0,6.391,,,,Not Sure
27/07/14,1116.3,3.861,,,,Not Sure
26/07/14,1549.079,5.358,,,,Not Sure
25/07/14,1262.76,4.367,,,,Not Sure
24/07/14,1735.38,6.002000000000001,,,,Not Sure
23/07/14,1808.9389999999999,6.256,,,,Not Sure
22/07/14,1785.719,6.176,,,,Not Sure
21/07/14,1815.119,6.278,,,,Not Sure
20/07/14,1565.099,5.412999999999999,,,,Not Sure
19/07/14,1272.839,4.402,,,,Not Sure
18/07/14,1608.719,5.564,,,,Not Sure
17/07/14,586.799,2.029,,,,Not Sure
12/07/14,951.299,3.29,,,,Mostly Cloudy
11/07/14,1255.8,4.343,,,,Partly Cloudy
10/07/14,680.299,2.353,,,,Cloudy
09/07/14,1364.88,4.72,,,,Partly Cloudy
08/07/14,1840.38,6.365,,,,Fine
12/06/14,962.5989999999999,3.3289999999999997,,,,Mostly Cloudy
11/06/14,1272.599,4.401,,,,Partly Cloudy
10/06/14,1158.1989999999998,4.006,,,,Partly Cloudy
09/06/14,1639.02,5.669,,,,Fine
08/06/14,1959.0,6.775,,,,Fine
12/05/14,660.0,2.283,,,,Cloudy
11/05/14,1329.9,4.566,,,,Partly Cloudy
10/05/14,1431.0,4.949,,,,Partly Cloudy
09/05/14,1711.849,5.92,,,,Fine
08/05/14,1962.479,6.787000000000001,,,,Fine
12/04/14,792.0,2.739,,,,Mostly Cloudy
11/04/14,1336.1989999999998,4.621,,,,Partly Cloudy
10/04/14,1464.9,5.066,,,,Fine
09/04/14,1596.9,5.523,,,,Fine
08/04/14,1821.06,6.297999999999999,,,,Fine
12/03/14,168.5,0.583,,,,Showers
11/03/14,1333.0,4.61,,,,Partly Cloudy
10/03/14,1476.5,5.107,,,,Fine
09/03/14,1709.099,5.9110000000000005,,,,Fine
08/03/14,1060.979,3.6689999999999996,,,,Mostly Cloudy
12/02/14,138.5,0.479,,,,Showers
11/02/14,1213.5,4.197,,,,Partly Cloudy
10/02/14,1461.099,5.053,,,,Fine
09/02/14,1740.25,6.019,,,,Fine
08/02/14,398.88,1.38,,,,Cloudy
12/01/14,623.799,2.157,,,,Cloudy
11/01/14,815.299,2.82,,,,Mostly Cloudy
10/01/14,1471.4,5.0889999999999995,,,,Fine
09/01/14,1760.93,6.09,,,,Fine
08/01/14,1791.0,6.194,,,,Fine
